5, 8692.913921, 0.591856, 16, 0.05
276020 308502 332575 353519 375761 399645 428640 472202 591856 16958819 
5, 8681.097612, 0.615919, 16, 0.05
255154 291502 318922 345801 372802 400130 438155 488423 615919 19313390 
5, 8244.496044, 0.618172, 16, 0.05
292380 322908 346840 369321 392832 417994 450059 493638 618172 20913275 
5, 7683.076795, 0.708946, 16, 0.05
300760 337573 365135 390170 415068 443891 481120 534207 708946 18729023 
5, 7911.261412, 0.664618, 16, 0.05
307604 343722 373066 397485 422490 450384 484836 537748 664618 16805887 
50, 23216.396184, 3.249014, 16, 0.05
788958 928922 1051335 1191086 1347797 1557356 1883315 2432597 3249014 21880948 
50, 25757.210142, 2.840799, 16, 0.05
640443 756169 859940 984883 1141333 1308845 1534860 2043921 2840799 29474458 
50, 22000.076499, 3.028826, 16, 0.05
750265 885586 1005824 1128309 1274414 1464744 1704416 2181575 3028826 82148141 
50, 22943.708868, 3.428346, 16, 0.05
714644 836663 973497 1142127 1320728 1497770 1733407 2272836 3428346 25744921 
50, 25413.785412, 3.311377, 16, 0.05
691699 814910 926510 1068095 1242519 1387253 1668895 2096644 3311377 25501018 
100, 35580.064496, 4.568456, 16, 0.05
1026104 1161028 1364845 1573654 1845142 2208647 2659104 3147869 4568456 19972706 
100, 28684.831265, 6.4134, 16, 0.05
1209102 1366682 1562505 1844929 2304239 2771367 3321567 4064249 6413400 19609839 
100, 34638.871356, 4.364914, 16, 0.05
1135591 1305247 1463481 1684556 1939683 2377254 2910888 3365089 4364914 20627693 
100, 31968.803767, 4.936278, 16, 0.05
1070757 1288760 1529354 1770792 2118951 2587672 3150963 3732465 4936278 30724414 
100, 30937.073340, 5.217604, 16, 0.05
1123658 1280797 1419012 1611237 1916542 2448538 2964965 3441250 5217604 30368511 
150, 35560.518729, 7.540868, 16, 0.05
1655997 1857551 2182830 2738930 3368810 3830414 4219718 4942954 7540868 19836215 
150, 33017.298139, 10.26656, 16, 0.05
1726247 1955677 2261788 2702671 3167638 4009508 4527772 5628384 10266560 19837695 
150, 30714.100660, 8.285612, 16, 0.05
1826072 2141358 2345633 2757072 3448874 4053053 4601707 5463456 8285612 30633791 
150, 35202.764155, 6.483145, 16, 0.05
1669900 1817111 2082508 2625872 3155848 3740038 4279162 4942597 6483145 28545041 
150, 29185.057667, 9.583625, 16, 0.05
2000962 2417214 2943817 3405997 3964451 4534953 5078929 6397309 9583625 29909558 
200, 34801.464311, 11.493658, 16, 0.05
2058935 2670402 3216783 3790987 4406494 4827211 6148988 7673486 11493658 26825671 
200, 35854.304585, 9.646036, 16, 0.05
2052001 2583551 3022769 3708572 4402658 4901220 5738542 7393085 9646036 25078581 
200, 39762.521047, 8.14553, 16, 0.05
2047778 2371964 2916471 3442030 3953917 4519268 5127031 6168708 8145530 22865492 
200, 36321.210680, 9.344843, 16, 0.05
2131650 2484894 3230422 3797820 4612676 4889905 5860205 7103421 9344843 29763020 
200, 36153.283022, 8.157199, 16, 0.05
2375167 2734248 3267347 3895594 4411217 5122819 5641883 6866305 8157199 32932862 
250, 38969.591926, 9.654767, 16, 0.05
2770386 3086366 3554401 4222097 4787576 5425916 5921529 7050652 9654767 31075715 
250, 41653.892286, 10.332297, 16, 0.05
2501434 2893242 3814389 4422658 4893028 5352828 6219937 7451528 10332297 23118152 
250, 38536.335711, 10.730496, 16, 0.05
2745167 3163629 3750636 4436318 4699020 5168033 5803139 6479658 10730496 41962690 
250, 36581.012981, 12.055734, 16, 0.05
2809737 3244697 4122112 4612636 5150288 5692899 6350423 7579757 12055734 40655268 
250, 34681.965372, 11.725612, 16, 0.05
2568670 3430219 4069501 4664490 5364979 5844559 6357233 7408808 11725612 38461134 
300, 42845.663463, 11.897232, 16, 0.05
2809602 3535297 4497134 5483365 5847521 6334026 7212499 8412718 11897232 23967335 
300, 37584.618480, 11.277862, 16, 0.05
3420941 3931595 4772461 5664017 6200937 6466665 6835627 8107341 11277862 57463984 
300, 33036.474948, 14.448516, 16, 0.05
3741740 4603053 5730688 6497931 7269871 7672526 8366297 10096221 14448516 41560928 
300, 33795.044384, 16.85003, 16, 0.05
3213343 3954747 4838632 6179587 6890710 7360812 8314489 12231638 16850030 34948736 
300, 38582.027462, 12.048633, 16, 0.05
3602239 4070388 4865698 5575767 6214187 6480660 7025634 8142954 12048633 49088159 
350, 42036.443217, 15.830491, 16, 0.05
3815978 4454941 5112980 6114876 6487911 6866457 7871782 8798425 15830491 28816859 
350, 35290.125877, 21.590354, 16, 0.05
3965467 4781706 5746258 6353715 6818942 7678356 9183209 11825888 21590354 42186368 
350, 39686.758290, 14.784433, 16, 0.05
3647439 4238526 5545541 5948285 6596379 7294444 8311426 10900399 14784433 51685209 
350, 42098.472275, 15.027488, 16, 0.05
3601146 4152146 4931870 5863130 6562520 7284217 8046823 9590358 15027488 28399154 
350, 34487.811085, 23.978936, 16, 0.05
4060507 5273585 6013398 6594226 7147199 7689636 8353752 10775581 23978936 49051965 
400, 41221.549335, 16.435127, 16, 0.05
4587828 5475951 6380212 7301747 7907326 8604556 9364619 11756746 16435127 28668311 
400, 42328.680528, 15.896794, 16, 0.05
4310117 4962312 5910916 6655356 7007902 7730201 8961992 10949381 15896794 38704663 
400, 38948.334824, 17.559059, 16, 0.05
3791423 4767803 5929454 6760295 7242649 7776574 8194911 10648697 17559059 59448950 
400, 40521.867024, 14.033939, 16, 0.05
4824015 5605620 6506976 7085879 7669591 8354574 8942952 9939774 14033939 45958412 
400, 36107.638329, 20.815132, 16, 0.05
5269501 5942133 6734125 7901510 8369854 8916039 9574924 11473020 20815132 51040611 
450, 39037.429431, 16.227206, 16, 0.05
5367778 6263344 7206917 8370719 9352171 9677892 10288105 12897560 16227206 40908984 
450, 35395.785211, 23.145025, 16, 0.05
5513953 6455091 7330609 7865392 8417753 8940749 10652543 15215573 23145025 65726129 
450, 40231.608219, 26.533028, 16, 0.05
4662143 5744321 6745283 7272574 7650373 8418896 9637315 11321424 26533028 46765025 
450, 44023.131726, 18.946585, 16, 0.05
5274503 6042642 6699899 7271423 7896333 8355450 8883347 10352844 18946585 37892231 
450, 39251.383638, 19.328136, 16, 0.05
5366589 6204940 7072498 7962352 8639981 9569921 10773272 12868081 19328136 51023131 
500, 42233.578550, 18.019322, 16, 0.05
5174569 6340995 7246156 7982603 8443664 9098256 10278068 13311540 18019322 55807772 
500, 37140.457806, 20.216962, 16, 0.05
5856925 7070145 8193317 8635680 10631404 11346018 12155768 16382018 20216962 58996058 
500, 40037.333532, 18.263407, 16, 0.05
6141951 7286259 8483331 9095779 9592523 9968766 11586273 15597611 18263407 45659678 
500, 42103.595146, 19.526659, 16, 0.05
6098314 6874594 8243493 8864532 9138481 9488937 10479324 12989070 19526659 42341505 
500, 40674.096851, 19.207521, 16, 0.05
5604158 6659465 7649605 8156084 8541149 9869113 10815079 11564687 19207521 63311581 
550, 40768.984753, 22.626383, 16, 0.05
5972494 8015279 8899071 9783217 10629809 11550663 12693250 14000047 22626383 50741329 
550, 38917.618221, 25.85418, 16, 0.05
7006628 7882327 8669895 9231812 9828372 10548925 12776077 14247407 25854180 64463510 
550, 42818.143603, 19.50774, 16, 0.05
5912463 6553830 8482249 9458423 10137341 10532636 12435673 15184576 19507740 45202386 
550, 40724.578875, 23.170193, 16, 0.05
6245144 7789439 8860992 9367985 9797884 10812644 11782244 14606019 23170193 52823049 
550, 40246.460308, 23.219602, 16, 0.05
6278755 7739309 8629150 9247856 9739674 11096020 12958585 14837487 23219602 54894729 
600, 41348.638438, 24.364949, 16, 0.05
6915832 8186453 8954371 9726767 10903435 11921543 13209658 14517966 24364949 57295004 
600, 41797.144290, 24.41141, 16, 0.05
6034707 7843002 8699667 9953881 10914696 11620418 12451483 17170813 24411410 54288156 
600, 36953.312738, 33.616416, 16, 0.05
6570144 8540218 9048557 10037078 10513926 11649880 13658248 16579511 33616416 71347421 
600, 45048.537727, 23.988134, 16, 0.05
6532484 7316068 8092765 8808419 9114694 9669486 10863009 11792405 23988134 58596607 
600, 40200.728509, 26.044116, 16, 0.05
7339858 8392798 9098855 10167493 10989306 12434548 13430108 18796254 26044116 58497806 
650, 40005.556772, 27.436847, 16, 0.05
7653605 8883065 10359698 10811344 11612226 12315383 13898889 18499681 27436847 54709048 
650, 32033.051549, 36.841916, 16, 0.05
8891096 10437031 11345151 12250635 12795163 13875637 14908001 16264435 36841916 91415469 
650, 42001.281425, 22.994697, 16, 0.05
8177171 10131383 10697670 11254301 11986146 12605654 13070386 14437678 22994697 60278003 
650, 38636.216511, 25.454096, 16, 0.05
7601624 8969626 10529731 11134547 12227193 12923935 14629162 19050163 25454096 72948808 
650, 37426.438896, 27.274341, 16, 0.05
8532521 9518970 11442136 12382332 13012104 13839171 16203760 19521810 27274341 67327730 
700, 46668.380050, 28.257312, 16, 0.05
7467176 8728278 9395015 10056750 11073848 12447904 13606837 16132153 28257312 47592726 
700, 38671.971848, 23.369895, 16, 0.05
8149516 9827324 10686474 11165473 11823901 12602615 14499406 17152609 23369895 91578821 
700, 40941.159971, 29.770697, 16, 0.05
7840101 9335718 10397501 11041167 11709889 12498764 13868196 17478567 29770697 70264590 
700, 41236.713619, 28.981566, 16, 0.05
7565377 9550490 10035601 10476455 10843403 12111351 14572563 17784900 28981566 70303296 
700, 39300.886589, 25.620748, 16, 0.05
8515258 10431598 12675041 13089774 13681290 14918285 16034420 17423487 25620748 68247813 
750, 41412.219122, 33.680761, 16, 0.05
7850630 9560468 10346293 10875557 11725782 14026728 15732699 20174679 33680761 76937273 
750, 42277.881702, 27.59917, 16, 0.05
7483586 10151020 11383040 12789612 13418275 14095704 15227446 18694664 27599170 65605540 
750, 38826.714915, 32.723294, 16, 0.05
9886181 12214974 13016921 13623459 14024907 14463306 15365907 18896671 32723294 81640644 
750, 38410.430134, 27.918306, 16, 0.05
9185537 10838820 11527420 12105761 12689978 14306474 15538411 18401827 27918306 88297986 
750, 38248.795425, 30.67056, 16, 0.05
8327260 10364859 12017824 12805780 15501230 16495239 18191569 23210244 30670560 62709151 
800, 41121.408104, 36.090338, 16, 0.05
8318663 10675460 11371764 12046150 12842486 14258767 17088095 23348718 36090338 76527990 
800, 39567.724352, 31.241041, 16, 0.05
9385294 11619859 12887488 13394757 14547580 15893081 18378005 22131835 31241041 67050743 
800, 40063.540134, 31.164403, 16, 0.05
9872146 11982781 12726716 13747271 14538843 15390892 19421129 23961951 31164403 74242447 
800, 38043.349575, 36.700191, 16, 0.05
9496484 11557427 12899181 13425999 15481155 17451407 20617090 28964436 36700191 58465639 
800, 40937.072850, 29.443958, 16, 0.05
10834150 11900166 12456412 12859125 13679805 14909017 16158636 22953829 29443958 69759718 
850, 39967.978775, 36.336656, 16, 0.05
9116394 11124537 11829012 12145061 12756816 16417120 19497517 21846895 36336656 90829302 
850, 44061.985432, 31.529366, 16, 0.05
9694813 10564481 12606371 13846349 14965141 15518268 16113510 18182253 31529366 65366154 
850, 39505.151363, 36.239091, 16, 0.05
10485470 11805703 12851184 13776038 14369210 15059225 16101391 25245158 36239091 84841106 
850, 42365.443348, 31.347597, 16, 0.05
10344225 11780390 12442299 13194587 13603108 15370867 18531155 23794889 31347597 74122233 
850, 43643.794762, 30.26756, 16, 0.05
9887027 11044696 12182456 13782930 14135250 14732454 16569162 18993438 30267560 63913836 
900, 37743.691911, 37.042776, 16, 0.05
11321385 14226009 15228813 16707956 17636376 19075385 22488571 24963370 37042776 91462996 
900, 34696.350431, 47.566164, 16, 0.05
12105170 14077079 14718172 15957535 16885479 17923102 20421630 27155475 47566164 91237907 
900, 43718.139450, 33.51466, 16, 0.05
10141680 11660512 12338057 12983344 13497254 13930490 15079435 25902482 33514660 78593570 
900, 40069.957819, 32.421906, 16, 0.05
10161200 13468320 14076578 15441014 15930857 19021641 20308944 24986689 32421906 61515330 
900, 41813.960349, 42.13449, 16, 0.05
8243271 9259148 10788375 12351575 13789228 15622305 17560797 19518944 42134490 86938862 
5, 3053.384766, 2.719994, 16, 0.5
281646 325841 370219 428826 1000444 1671478 1968730 2252043 2719994 29009583 
5, 2485.873523, 3.111537, 16, 0.5
330680 387311 447948 537958 1312262 2149162 2416938 2669251 3111537 50307170 
5, 3216.386710, 2.319424, 16, 0.5
300863 341727 376233 427900 1107772 1578478 1801083 1981195 2319424 20512058 
5, 2656.115910, 3.016661, 16, 0.5
306336 350892 392508 447698 1227623 1869354 2116014 2376449 3016661 58282386 
5, 1955.570053, 3.085943, 16, 0.5
305065 354521 403936 469271 1306168 1943798 2284671 2578281 3085943 854009471 
50, 9622.842226, 9.906832, 16, 0.5
950955 1193672 1452509 1998597 2871991 6774613 7872512 8615214 9906832 23275483 
50, 8242.045128, 10.068952, 16, 0.5
750017 987903 1396717 2272519 3364742 6987930 8239356 9061509 10068952 139532699 
50, 8838.884077, 9.023256, 16, 0.5
839298 1166427 1508511 2012736 2838103 6386790 7458792 7954768 9023256 151943712 
50, 5063.237707, 10.263844, 16, 0.5
789217 1071629 1436920 1883619 2738186 6375184 8067606 8904450 10263844 954233684 
50, 10065.210425, 9.424182, 16, 0.5
751229 1022583 1385058 1850581 2932067 6417701 7476385 7985291 9424182 24945473 
100, 16386.813969, 9.714019, 16, 0.5
1227406 1530943 2055482 3309061 4962991 7327763 7925863 8544425 9714019 33614005 
100, 9718.513226, 11.284395, 16, 0.5
1405560 1937920 2668396 3851716 5644060 7304282 8182981 9024783 11284395 406297096 
100, 12203.806552, 11.871596, 16, 0.5
1294781 1686088 2429395 3228161 4753341 7548345 8415989 9388957 11871596 194765333 
100, 17687.619907, 10.174393, 16, 0.5
1253790 1554563 2024324 2898406 5036964 6602121 7458124 8339103 10174393 23601368 
100, 6636.656009, 10.765858, 16, 0.5
1306664 1751179 2297774 3302772 5108136 7250154 7770614 8741768 10765858 930153390 
150, 21464.576109, 12.683902, 16, 0.5
1596918 2325743 3397771 4528705 5985942 7527128 8979791 10429026 12683902 28917154 
150, 21474.943255, 12.435331, 16, 0.5
1717348 2223525 3147306 4474745 5733254 7498879 8459791 9379444 12435331 28771263 
150, 6637.161942, 12.571433, 16, 0.5
1607692 2064057 3217438 4283502 5227581 7821879 8864683 10209901 12571433 1079177595 
150, 22016.730536, 13.924234, 16, 0.5
1464139 1953396 2541010 3495297 5614985 7532378 8205390 9119959 13924234 28750760 
150, 20208.640267, 12.647295, 16, 0.5
2383619 3325337 4077602 5065509 6355401 7509934 8585544 9733118 12647295 26173901 
200, 8967.212468, 17.292566, 16, 0.5
2174039 3242209 4249413 4938674 6746466 8276971 9983236 12293311 17292566 728231325 
200, 24496.399168, 13.973101, 16, 0.5
2454230 3226351 4671506 5585916 7026860 7942004 9042463 10448836 13973101 41579815 
200, 23530.891996, 15.994365, 16, 0.5
2724528 3594677 4572134 5288788 6636076 7506198 8643670 10067287 15994365 54081597 
200, 24375.016057, 13.999214, 16, 0.5
2591847 3768837 4854372 5787696 7552515 8591587 9457961 10722769 13999214 28173534 
200, 25737.238831, 15.559995, 16, 0.5
2297875 2711894 4136229 5050992 6103479 7804146 9126276 10288846 15559995 30702320 
250, 24826.689104, 19.734737, 16, 0.5
3407394 5456395 6211224 6839054 7980883 9226096 11092875 13689029 19734737 35530928 
250, 25632.686605, 18.552168, 16, 0.5
2901101 3997672 5372310 6109642 7931287 9779476 11666234 14043558 18552168 42576185 
250, 29858.178459, 13.899861, 16, 0.5
2819566 3871522 5106201 5857248 7120850 7954184 8651800 10975552 13899861 26849340 
250, 8733.946878, 13.41021, 16, 0.5
3152460 4800105 5811233 6554703 7435921 7951112 8918181 11100682 13410210 823872373 
250, 26778.419294, 15.280877, 16, 0.5
3521500 4457398 5523226 6236453 6749462 7753880 9021945 11097487 15280877 48883894 
300, 25567.546545, 17.057209, 16, 0.5
5076826 6311705 7246955 8023803 9093378 10757036 12024771 14943035 17057209 49394451 
300, 28096.569415, 20.851332, 16, 0.5
3318415 5134043 6352883 7540308 8645175 9886489 10845444 13664550 20851332 43058261 
300, 25085.925567, 24.529835, 16, 0.5
3820953 5667321 6467899 7230137 8135768 10405780 13328684 17878513 24529835 37891156 
300, 30463.422345, 22.73452, 16, 0.5
2890402 3704036 4548787 5311527 6935935 9509291 10893250 13260947 22734520 39694785 
300, 27901.807746, 21.19104, 16, 0.5
3133488 4157896 5488748 6283992 8215431 10148398 11805326 13937945 21191040 44996722 
350, 27905.853942, 23.037937, 16, 0.5
3811750 5243924 6415866 8049641 11030988 12851471 15578109 18071331 23037937 36101446 
350, 27242.067663, 24.312691, 16, 0.5
4902066 5888508 6964626 8512506 10160454 11347104 13826223 17767380 24312691 37152352 
350, 11061.482174, 19.906642, 16, 0.5
3927101 6174516 7086029 7993687 10206495 11215900 13280175 15892883 19906642 612218579 
350, 29969.370404, 23.150355, 16, 0.5
4095750 5832637 6607798 7878137 10115869 11455641 12791814 16426738 23150355 34694329 
350, 30954.385426, 22.105762, 16, 0.5
3957261 5698873 6397048 7523897 9149141 10084414 11471610 13525953 22105762 42402215 
400, 17885.415835, 22.205799, 16, 0.5
4635924 6265833 6916955 9057496 11047941 12376538 12998203 16042287 22205799 286156769 
400, 34251.583464, 23.385171, 16, 0.5
4292321 6049426 6724822 7840184 9118762 10572271 12492876 14749459 23385171 38248859 
400, 26794.449180, 26.579421, 16, 0.5
6096903 7876268 8914812 10225012 12317399 13694488 16137361 19382944 26579421 52234667 
400, 31685.335719, 23.692665, 16, 0.5
4711843 6297554 7127089 8571683 9892298 11011770 13140378 18854406 23692665 43268707 
400, 28224.872220, 27.88227, 16, 0.5
5263305 6978949 7772456 9099219 9988804 11185177 13711545 20198627 27882270 50666215 
450, 32565.577058, 24.325624, 16, 0.5
6138061 7555783 8715358 9497945 10698629 11558600 13769239 18065862 24325624 47614821 
450, 27493.368730, 26.117528, 16, 0.5
6738771 9237120 10239028 12299612 14858000 16857308 18950515 22277007 26117528 45573832 
450, 29268.098800, 29.896422, 16, 0.5
6049800 7757248 8426091 10466187 11775244 13003075 16838802 22042476 29896422 50506920 
450, 30238.809029, 30.26573, 16, 0.5
5898962 7359416 8794571 9372437 9824979 11612020 13104060 16943021 30265730 47360589 
450, 9377.132911, 25.03898, 16, 0.5
6360960 7368088 8302291 9067602 11357772 12636158 15206249 18225837 25038980 796027787 
500, 30870.116209, 26.701317, 16, 0.5
7323825 8942649 10117723 11885331 13290559 15627181 17271542 20153771 26701317 52054731 
500, 37733.363069, 23.947426, 16, 0.5
5512271 7371212 8558809 9310768 10220739 12262109 14647807 17464854 23947426 40387108 
500, 9079.506222, 34.25314, 16, 0.5
7112720 8454966 9987893 11168985 13685078 16786113 18750532 23592335 34253140 806195401 
500, 30893.935709, 29.428559, 16, 0.5
6154915 8883666 10560492 11545613 13509630 14947714 17466761 21779469 29428559 47087851 
500, 28872.697850, 38.572214, 16, 0.5
7097669 7653045 8971156 9928340 12273950 14670380 17352365 23338876 38572214 65280361 
550, 32910.116692, 29.909059, 16, 0.5
8011768 9356615 10025966 10714612 12343540 14569028 16958532 20695063 29909059 56215206 
550, 28594.896485, 41.890383, 16, 0.5
9204384 10131009 10912069 11864019 14234467 17013677 19379615 24217969 41890383 62646638 
550, 33647.569103, 29.333734, 16, 0.5
6011376 7354262 8986194 9861542 12807869 17134989 19358120 23482217 29333734 56489706 
550, 33654.301700, 25.686079, 16, 0.5
6902015 9185873 10167376 11031987 12881614 16555396 20050758 22021474 25686079 49501716 
550, 35178.068180, 23.693989, 16, 0.5
7947501 8983482 10194803 11226102 12784013 14111653 16172656 18967080 23693989 59801534 
600, 6165.150319, 45.548215, 16, 0.5
9825811 10861006 11903050 13231065 15054158 17599190 26829657 30751771 45548215 1307232694 
600, 26525.654237, 40.43461, 16, 0.5
7931557 10643129 11333810 13345284 14811792 16213717 18805429 23691200 40434610 115407113 
600, 33759.748782, 37.583253, 16, 0.5
7048062 8722586 9120641 10378797 12115893 14288226 17739707 27465373 37583253 56860924 
600, 34328.622160, 28.051611, 16, 0.5
6543422 8451643 9739142 10576089 12648699 15148375 17150124 23323237 28051611 64122497 
600, 29204.789845, 39.918852, 16, 0.5
7311223 9225930 10154417 11071601 16127248 18819465 20996061 25661242 39918852 68843592 
650, 28298.678470, 41.838438, 16, 0.5
9113184 11046901 12510436 13657435 14607001 16356488 24230544 30711766 41838438 97381890 
650, 35218.044599, 32.007036, 16, 0.5
7035537 8946281 10098246 11806168 14186255 15980167 19567738 25447129 32007036 67180426 
650, 33903.382547, 34.846934, 16, 0.5
8784285 9675108 11084544 12136759 13404361 15838440 21943397 25565712 34846934 58660601 
650, 8802.467468, 41.541454, 16, 0.5
8291363 10273922 12322147 12819305 18427912 22938114 25492500 30400983 41541454 861708360 
650, 34550.325356, 30.399341, 16, 0.5
7745707 9193141 10104467 10646330 12443064 14932357 18419577 24344389 30399341 81389584 
700, 28016.135479, 52.654419, 16, 0.5
10025184 11462871 12481249 14081389 15170533 20095720 22176942 35289428 52654419 91664562 
700, 36274.426074, 39.527119, 16, 0.5
8489201 10622271 11451177 12862361 13505680 15060909 18268036 26800279 39527119 54491010 
700, 37111.549744, 32.124201, 16, 0.5
6427291 9527735 11222901 12989582 15849235 16809626 18326593 21747279 32124201 59660636 
700, 34563.489875, 37.842038, 16, 0.5
9065375 10906690 11483040 12924279 13750213 14985711 19780071 25842031 37842038 84784391 
700, 33453.643116, 37.199684, 16, 0.5
9162344 11329071 11890131 12475541 15783791 18839652 21625135 24620981 37199684 65183542 
750, 32192.469452, 41.050383, 16, 0.5
10849608 11522382 12262386 14706710 15771719 17964600 24050002 34809614 41050383 74524331 
750, 9326.535837, 42.805229, 16, 0.5
11748855 12542509 14230174 16925376 21936654 26109050 29524040 32634974 42805229 797575350 
750, 38272.584064, 43.945905, 16, 0.5
9730627 10977525 11466845 12387053 13325587 13952437 14562819 21327319 43945905 62325024 
750, 35513.326580, 34.546528, 16, 0.5
9078291 11552354 12327228 13902944 15981692 18468554 20242332 24519216 34546528 74539729 
750, 41969.969119, 24.938285, 16, 0.5
9665632 11057132 12068197 12797642 14017962 16389056 18229794 21296195 24938285 46955199 
800, 32461.540468, 41.73756, 16, 0.5
9977427 11724930 13160711 14979453 16226057 18298043 22816238 34723962 41737560 92811390 
800, 35031.344278, 36.490437, 16, 0.5
9456084 11466243 13067742 15401526 17301069 20011813 24210008 28753951 36490437 79873211 
800, 35753.106565, 47.450667, 16, 0.5
8217863 10207005 11306312 12264210 12781508 14182105 19408137 25722566 47450667 87262095 
800, 39291.342293, 33.813071, 16, 0.5
10439505 12258610 13090550 13829958 14553841 16710836 20515709 25707929 33813071 60030015 
800, 26289.441642, 68.085143, 16, 0.5
11602745 13707176 16077340 18225809 22136710 26540348 29445690 35445062 68085143 91368545 
850, 35967.689778, 41.92267, 16, 0.5
11589704 13170074 14301734 14958337 15795194 17861013 19774706 22953956 41922670 78696280 
850, 33396.933005, 49.673148, 16, 0.5
10181363 11493180 12878998 15676771 17424759 20259386 27178325 37363404 49673148 69481893 
850, 34695.895988, 40.858462, 16, 0.5
8474820 11542416 13037120 15216125 15854712 20683710 25169833 28371301 40858462 92657635 
850, 40558.271959, 33.333401, 16, 0.5
9280688 11028041 11591578 13091012 14614241 15908926 17401575 24937668 33333401 76143889 
850, 33049.157399, 44.178415, 16, 0.5
10810458 12133696 13307109 14401141 15594680 19330533 29609254 36928189 44178415 98478126 
900, 37250.047571, 43.16791, 16, 0.5
10447402 11741021 12632151 13289185 14835925 16331389 19963336 31321340 43167910 95614786 
900, 34615.382325, 49.107914, 16, 0.5
10685256 13067330 13938464 14903474 16413417 21246503 25697788 41965765 49107914 91318265 
900, 34258.233114, 45.817323, 16, 0.5
13545853 14503578 15544227 17388239 18833157 21103689 23902195 33749282 45817323 87393261 
900, 27750.637192, 75.116837, 16, 0.5
10820667 13589930 15547286 16935293 20116606 25127506 33668831 41083607 75116837 103659029 
900, 30231.865956, 60.171635, 16, 0.5
10156778 13628598 14615365 16623477 17567618 21790379 27805683 36187296 60171635 126857180 
5, 1461.758264, 7.369677, 16, 0.95
1847455 2096317 2272449 2415624 2548111 2689489 2849179 3110859 7369677 88120594 
5, 1438.997216, 8.14737, 16, 0.95
1900846 2160644 2335025 2474021 2605070 2741632 2906730 3181174 8147370 38517078 
5, 1544.433621, 6.890611, 16, 0.95
1651293 1964872 2141612 2281779 2423742 2577949 2756704 3016707 6890611 67641109 
5, 1510.720693, 7.298848, 16, 0.95
1822440 2078524 2230709 2372618 2517992 2661224 2836464 3081896 7298848 50040762 
5, 1514.432549, 7.836562, 16, 0.95
1643448 2080898 2248624 2393418 2509343 2626722 2780351 3023734 7836562 41845064 
50, 6141.911052, 10.522934, 16, 0.95
2617404 5365214 6944530 7419425 7820695 8285565 8712999 9443609 10522934 46968260 
50, 6202.731468, 11.261687, 16, 0.95
2803108 5404140 6682960 7190194 7694623 8294860 8862084 9616507 11261687 28784929 
50, 6388.760716, 10.83349, 16, 0.95
2795517 5423011 6640023 7149219 7490418 7769576 8167318 8642595 10833490 28162358 
50, 6098.619079, 10.155457, 16, 0.95
2480848 4681982 7360419 7876735 8148425 8447605 8811794 9194274 10155457 37339523 
50, 6826.346251, 10.139988, 16, 0.95
2422529 4286654 6290769 6690794 7026922 7339913 7692647 8274800 10139988 34054724 
100, 12665.888161, 10.210844, 16, 0.95
4263926 5856934 6392357 6924498 7275431 7616579 8207548 8820077 10210844 25284577 
100, 11706.474148, 11.470973, 16, 0.95
5309818 6252842 6718119 7220418 7605231 7952181 8244680 8868176 11470973 32634859 
100, 12361.984974, 13.296306, 16, 0.95
4355325 5682507 6237570 6701077 7243342 7584277 8123722 9285182 13296306 25376553 
100, 11618.275831, 10.632158, 16, 0.95
4702333 6746059 7167666 7477790 7798566 8097914 8512058 9013220 10632158 27319792 
100, 11085.293463, 13.402068, 16, 0.95
4956383 7002585 7685185 8024349 8275902 8604631 8946085 9641798 13402068 29131949 
150, 15068.264792, 17.179153, 16, 0.95
5432240 7106556 7583500 8108244 8575108 9103482 10182810 11273962 17179153 41869519 
150, 15603.865759, 15.087411, 16, 0.95
5542402 6997820 7746541 8129877 8390926 8738655 9190221 10085286 15087411 28042921 
150, 16369.451850, 15.716563, 16, 0.95
5380070 6641034 7183235 7572622 8006236 8355733 8963342 10105234 15716563 27633280 
150, 13478.421932, 19.922791, 16, 0.95
6034605 7542502 8477764 8895969 9321976 9837424 10657728 12256148 19922791 46794674 
150, 14518.524889, 15.787271, 16, 0.95
5520768 6950289 7490471 8203868 8809325 9223979 9585853 10269262 15787271 83239562 
200, 17278.798903, 21.911606, 16, 0.95
6323017 7797798 8283492 8906279 9491492 10126844 10968366 12760189 21911606 34362729 
200, 18786.921138, 21.0942, 16, 0.95
5293890 6503006 7599618 8503159 9060921 9706146 10280784 11318250 21094200 37107882 
200, 17671.242740, 20.313614, 16, 0.95
5673314 6767578 7808390 8214899 8976818 10013530 10773752 12486979 20313614 59649563 
200, 18961.223551, 20.917151, 16, 0.95
5653620 6456455 7281512 7938992 8686464 9661124 10660754 12913755 20917151 38123869 
200, 19558.296527, 14.211476, 16, 0.95
5871294 6685449 7553917 8053092 8468866 9073374 9818030 10703858 14211476 56458727 
250, 22826.360297, 21.24964, 16, 0.95
6259147 7455416 7956696 8517640 8913917 9411284 10350818 13159946 21249640 31723063 
250, 22928.485350, 19.566142, 16, 0.95
5926687 7314394 7731527 8260486 9024953 10056862 11285703 12722007 19566142 30804636 
250, 21082.152184, 20.878724, 16, 0.95
5610045 6778803 7889155 8599637 9462782 10537214 11511802 12633852 20878724 65154537 
250, 19982.862697, 25.465515, 16, 0.95
5761139 7856804 8824868 9439767 10478493 11290273 11924051 13728516 25465515 38159860 
250, 20659.978808, 19.140674, 16, 0.95
6135122 7331753 7968454 8719947 9804749 10631554 11857850 13595788 19140674 52377726 
300, 27068.391406, 21.260239, 16, 0.95
6118099 7059556 8073423 8566439 9056872 9774877 10822582 13105417 21260239 27399312 
300, 25694.740232, 20.110446, 16, 0.95
6093627 7295034 8237032 8977452 9577166 10829297 12073828 13665506 20110446 34629945 
300, 20614.268253, 27.926722, 16, 0.95
7801377 8970604 9989781 11034842 11815689 12748817 14455072 19307971 27926722 36383732 
300, 22245.619671, 24.413165, 16, 0.95
7416904 8356234 9353372 10164340 10710598 11652042 13925832 17671780 24413165 34940369 
300, 20121.439123, 27.224243, 16, 0.95
7373641 8671709 9488434 10341456 11111003 12285067 13498140 16974944 27224243 65244649 
350, 24195.341984, 23.457641, 16, 0.95
7299042 8425824 9135480 9744229 11456159 12897126 14052677 18531125 23457641 44666745 
350, 27996.817255, 24.237895, 16, 0.95
6878670 7822188 8641660 9203171 9896057 10582671 11624400 14411916 24237895 36376085 
350, 24987.332235, 23.627066, 16, 0.95
6649933 8880000 9601677 10257862 10859626 11763268 13201489 16105902 23627066 65653295 
350, 27770.671263, 24.235283, 16, 0.95
6770130 7241040 8090582 8917130 9547397 10683630 12936541 16036605 24235283 37391023 
350, 26720.172779, 24.954186, 16, 0.95
7447876 8210132 8588298 9171397 9613849 10306070 11726935 15089385 24954186 40583323 
400, 26792.733480, 29.905933, 16, 0.95
7682075 8048959 8666805 9507488 10397122 11601685 14037670 19257939 29905933 53507003 
400, 27524.309546, 26.578002, 16, 0.95
7823822 8766637 9203506 10280234 11225112 12375428 13518133 15810850 26578002 50620030 
400, 28563.779926, 24.296287, 16, 0.95
7195568 8319472 9004499 9715454 10346046 11562270 13765886 19219414 24296287 43493401 
400, 25084.284890, 29.777415, 16, 0.95
8303354 9237863 9735927 10456060 11544647 13725318 15907697 23119205 29777415 49454257 
400, 28418.947197, 31.100884, 16, 0.95
7324028 8231609 8607290 9129224 9919030 10872587 12725215 17272992 31100884 51853985 
450, 30128.427030, 27.584159, 16, 0.95
7662376 8733347 9446884 10305739 11019066 12396457 14846048 20094635 27584159 49231991 
450, 29940.208595, 25.548717, 16, 0.95
8105642 9034691 9893761 11320890 12719396 13522612 15857314 18419157 25548717 38443142 
450, 25945.295502, 27.296805, 16, 0.95
8049467 9675936 10502123 11370014 13111447 15157244 18188390 22501290 27296805 74695536 
450, 26034.685913, 36.592017, 16, 0.95
8821809 9501905 9974905 10620813 11787013 13345580 17627196 22380725 36592017 54398015 
450, 29360.586613, 28.668811, 16, 0.95
7711162 8944305 10115123 10685856 11246371 12175563 13478976 18182111 28668811 43484151 
500, 32210.890628, 32.093008, 16, 0.95
7567799 8705081 9421144 10018309 10399167 11125925 12451403 23122447 32093008 52652559 
500, 35174.037621, 26.475971, 16, 0.95
7856970 8359717 9119108 9895429 10703117 11541515 12630060 19427781 26475971 45256558 
500, 28110.116580, 32.840725, 16, 0.95
8710536 10337602 10981768 11788508 12738929 15676001 18360684 25134905 32840725 56218857 
500, 28577.545391, 27.531825, 16, 0.95
8960052 10321494 12251054 13929135 15603687 17018456 18729314 21761052 27531825 50423267 
500, 29719.158440, 28.152974, 16, 0.95
9231114 9936957 10712409 11631604 12882685 14446663 17677631 24176930 28152974 64926575 
550, 32884.435144, 33.72141, 16, 0.95
8555879 9302226 10064884 10925088 11463987 12229603 13921035 16165459 33721410 68454828 
550, 25696.280749, 40.307295, 16, 0.95
10808975 11429394 12247455 12901826 14192317 16648770 26392683 31398031 40307295 69001189 
550, 27842.378283, 34.619709, 16, 0.95
10093014 11240796 12328039 13000501 14060934 15675447 17779547 28639938 34619709 73778865 
550, 30979.280682, 27.367714, 16, 0.95
9574320 10306507 11542917 12379018 13269812 14762593 17714668 19226459 27367714 63823368 
550, 27718.831603, 39.046914, 16, 0.95
9699019 11239352 12011204 12919570 16037606 17941444 20836926 24729994 39046914 52432661 
600, 33950.696188, 27.280474, 16, 0.95
9452052 10212018 11506711 12408912 13289880 14887084 18703613 24802901 27280474 46030361 
600, 31218.293920, 35.263184, 16, 0.95
9864030 11043172 11772139 13062307 13816098 16248812 18062324 26167979 35263184 69233172 
600, 27448.731910, 39.398589, 16, 0.95
9373655 11187520 12595518 13947982 15058274 16637401 19586992 23468034 39398589 76377786 
600, 31674.084516, 37.40637, 16, 0.95
8780326 9946926 10877533 11744038 13597046 16132331 18191108 23656682 37406370 61138474 
600, 29675.283669, 41.188702, 16, 0.95
10485765 12139075 13381624 13946306 14507292 15998125 17658959 19948802 41188702 51856164 
650, 33381.168994, 30.913495, 16, 0.95
10638253 11726256 12579368 14104118 15694714 17721029 20023732 22829959 30913495 58458954 
650, 34761.559876, 31.014711, 16, 0.95
9549222 10513694 11442521 12112460 12865337 14013655 18264002 25370770 31014711 60581842 
650, 39281.375517, 35.253471, 16, 0.95
9448833 10289586 10801728 11552761 12244863 12806956 14092405 15433286 35253471 51344971 
650, 25919.520991, 47.357432, 16, 0.95
10917379 12434444 13257701 14785747 15343867 16310722 19318494 29555627 47357432 99706017 
650, 29479.600388, 37.625725, 16, 0.95
10504545 11726407 12688790 14037172 16221491 19714004 24975545 32199098 37625725 59111735 
700, 30706.008138, 37.766088, 16, 0.95
11237409 12904555 14431602 16926339 18932004 22417716 24964166 29923357 37766088 52219611 
700, 28700.699721, 47.289459, 16, 0.95
10587194 11830657 12534478 13526485 14248780 16135172 20273133 41241922 47289459 78555756 
700, 31419.296892, 35.90686, 16, 0.95
10873655 12642489 13875731 14618335 16930415 18252386 22736125 32016378 35906860 69556042 
700, 33355.880797, 29.916674, 16, 0.95
10928924 11643669 12746999 13931386 14801784 16073051 20202392 21734721 29916674 84251140 
700, 29925.478317, 39.786223, 16, 0.95
11998094 13219582 14358388 15253912 16493750 19243905 21799998 34452840 39786223 71989133 
750, 32625.916675, 35.103352, 16, 0.95
12373644 14188297 15097981 15748923 16616925 17807106 20112665 32029228 35103352 69472051 
750, 30877.855550, 37.34862, 16, 0.95
12167991 13877451 14740865 15472418 18428610 21494252 28753540 32399828 37348620 64780065 
750, 33839.269439, 28.152066, 16, 0.95
12116819 14153858 14626575 15248016 16415543 17955584 20309736 23446219 28152066 91854368 
750, 33418.956152, 38.261749, 16, 0.95
10988902 12505127 13492405 15498600 16731108 17402503 18699343 27330795 38261749 76809818 
750, 31847.797592, 43.635588, 16, 0.95
10296600 11556641 12959931 14022053 15066050 16962560 22016679 38386845 43635588 78566034 
800, 26028.883299, 63.689802, 16, 0.95
11121992 13448955 16342268 18233524 20589080 22791492 28612903 37035817 63689802 91934102 
800, 28214.920475, 42.650529, 16, 0.95
14682716 15491932 19413242 20751259 21894105 24323274 31581908 34712927 42650529 69784314 
800, 32682.487950, 41.600544, 16, 0.95
12413992 13503065 14947852 15342745 17059457 20991900 26413650 31005179 41600544 71681195 
800, 34577.867071, 39.009142, 16, 0.95
10489737 11868411 13241377 15454846 17006003 18333044 19386584 23231695 39009142 91741567 
800, 33816.940723, 37.177172, 16, 0.95
12052765 13681270 14470791 15268246 17270380 18785793 20985957 25179778 37177172 76871075 
850, 32150.236150, 36.568394, 16, 0.95
12429063 14809120 17059696 18286393 19505364 22225182 26012119 31816271 36568394 84662386 
850, 32669.271584, 48.195391, 16, 0.95
12467754 14074099 15279680 16320429 19724642 21687391 25768962 30879815 48195391 70402644 
850, 29084.185335, 45.845924, 16, 0.95
13409729 14558849 15357997 17483266 18687186 24104228 28747558 33763071 45845924 96809443 
850, 30265.769564, 45.542913, 16, 0.95
12257756 16825543 18224359 19346024 20718783 23959357 30000873 35300870 45542913 77221204 
850, 31480.088855, 36.031192, 16, 0.95
13632525 16077436 17581943 19532765 23166654 27616708 30973219 33457924 36031192 61655270 
900, 32950.024925, 39.208593, 16, 0.95
13868418 16334750 17637369 19455641 21870486 24453260 27116369 30824615 39208593 71222506 
900, 32034.440458, 38.981454, 16, 0.95
14203725 16236408 16962953 18662929 21940641 23107631 24742582 28798812 38981454 91303470 
900, 32633.805734, 46.184429, 16, 0.95
12419258 14144706 16074136 16939083 18229793 20290482 31329505 39685926 46184429 77955131 
900, 31448.884712, 45.430693, 16, 0.95
15097238 17136796 18613514 20126109 21368693 22418437 25777030 36485939 45430693 77742523 
900, 33906.193389, 38.271995, 16, 0.95
14387476 15894597 16626455 18548069 19804286 21293408 26027471 33607692 38271995 79569306 
5, 8198.950324, 0.599003, 128, 0.05
277047 310241 335158 356637 378442 401823 431043 478427 599003 20668077 
5, 7251.432610, 0.682698, 128, 0.05
315452 357909 387110 411394 436366 464112 500481 549925 682698 18615517 
5, 6875.035721, 0.627617, 128, 0.05
308941 341909 370046 392503 415722 441049 470587 515118 627617 79926803 
5, 8073.189378, 0.551751, 128, 0.05
265494 294476 317070 337261 357612 380423 410520 450303 551751 26054418 
5, 7762.234878, 0.68067, 128, 0.05
273417 304275 330032 353737 379749 410448 449505 512511 680670 20851876 
50, 28143.740134, 2.601079, 128, 0.05
630576 760398 869480 985915 1129126 1310405 1548994 1835979 2601079 21538004 
50, 27265.486551, 2.356861, 128, 0.05
618449 738504 854529 987246 1127046 1285155 1516468 1812740 2356861 26479295 
50, 25091.285610, 2.984561, 128, 0.05
693491 817941 955166 1095228 1254495 1427815 1684290 2130688 2984561 20990386 
50, 25878.750899, 2.859492, 128, 0.05
758969 932161 1055629 1172423 1285005 1453771 1699509 2072776 2859492 23310559 
50, 27309.948200, 2.613254, 128, 0.05
700930 804330 917066 1046156 1184107 1365358 1595720 1956790 2613254 19650229 
100, 38062.191123, 3.814496, 128, 0.05
990337 1164657 1316263 1544281 1816407 2166894 2560154 2958886 3814496 18979586 
100, 33817.374033, 4.76604, 128, 0.05
1203592 1404357 1609810 1818213 2117377 2580335 3138905 3607813 4766040 16530608 
100, 29146.555992, 4.883366, 128, 0.05
1208901 1435895 1751721 2034447 2408290 2902796 3273519 3749650 4883366 24958796 
100, 35752.911500, 3.9736, 128, 0.05
1069514 1267629 1425582 1592726 1867215 2252526 2578578 2991693 3973600 23059371 
100, 33872.776494, 4.803597, 128, 0.05
1144012 1293845 1443315 1634369 1918653 2396628 2948642 3447833 4803597 24978184 
150, 29624.372379, 9.051953, 128, 0.05
1847199 2036817 2271991 2907686 3612420 4189742 4774984 5845569 9051953 47550534 
150, 31466.294193, 7.930288, 128, 0.05
1697042 2009972 2489639 2993483 3331433 3937835 4557762 5548180 7930288 36257031 
150, 36004.840534, 7.431663, 128, 0.05
1594305 1775949 1995509 2446641 3064810 3784961 4207216 4722286 7431663 24199988 
150, 32172.621816, 10.24256, 128, 0.05
1722395 2032608 2427479 2759445 3219901 3718302 4252356 5058336 10242560 36052763 
150, 35790.285747, 6.074284, 128, 0.05
1525414 1919025 2297553 2670426 3083935 3479474 4046041 5036885 6074284 25593867 
200, 37580.341462, 8.235472, 128, 0.05
1922652 2463705 2872390 3467175 4042540 4559093 4917411 5755568 8235472 38324835 
200, 37255.945799, 9.318793, 128, 0.05
2027454 2221617 2768495 3462306 4274572 4694775 5257226 6365721 9318793 29737189 
200, 45239.805260, 7.025121, 128, 0.05
1950036 2227380 2428631 2853370 3374130 4008746 4358717 4927157 7025121 22362416 
200, 38919.915673, 8.259046, 128, 0.05
2139177 2374261 2670647 3507076 4274225 4871251 5335393 5972303 8259046 23713736 
200, 34540.870419, 9.78453, 128, 0.05
2269685 2740942 3132109 3886863 4845271 5230867 5649263 6582961 9784530 41481410 
250, 40426.698793, 11.105953, 128, 0.05
2821707 3203403 3504318 4367032 4986081 5588004 6312188 6587174 11105953 25983042 
250, 38330.233382, 11.472707, 128, 0.05
2590997 2949868 3513052 4304012 4900176 5339968 5899799 6492889 11472707 42426749 
250, 37384.136002, 10.566114, 128, 0.05
2828075 3294489 3988264 4859863 5518054 5970866 6311057 7144811 10566114 39394166 
250, 37982.766854, 12.386384, 128, 0.05
2408108 2645980 3333007 4284736 4855821 5363694 5800224 6992166 12386384 41922827 
250, 37216.943743, 11.569773, 128, 0.05
2846436 3232492 3660669 4497130 5176935 5510041 5914966 6683770 11569773 42599634 
300, 36288.138298, 19.333522, 128, 0.05
3553656 3918455 4393796 5453637 6040604 6524417 6983863 8054539 19333522 38365734 
300, 40153.117812, 10.884716, 128, 0.05
3150043 3601588 4352371 5310146 5732123 6141277 7044896 8195028 10884716 44681492 
300, 38249.490934, 11.960768, 128, 0.05
3190006 3562277 4528521 5405874 5656225 6278665 6890814 8733638 11960768 42418469 
300, 45250.843845, 9.131399, 128, 0.05
2591382 2907759 3504703 4258976 4763139 5108832 5802246 6603740 9131399 37696438 
300, 42948.525355, 11.940362, 128, 0.05
3116246 3421116 3922430 4878616 5466913 5751599 6240020 7866508 11940362 30141063 
350, 41072.924513, 16.221485, 128, 0.05
3926471 4567389 5314541 5998151 6661285 7189486 7693630 8772426 16221485 42747119 
350, 42571.416766, 13.195353, 128, 0.05
3746712 4107103 5422963 5960205 6187917 6535220 7731077 8971009 13195353 44617324 
350, 43627.536469, 13.784642, 128, 0.05
3379809 4242743 4926676 5541242 5876796 6332865 6717580 7960764 13784642 50032429 
350, 34306.716073, 20.837573, 128, 0.05
4148223 4657698 5196669 6179538 6813967 7643551 9167996 10769790 20837573 59471309 
350, 35092.367867, 17.215404, 128, 0.05
4638314 5566890 6421029 7473965 7892485 8255180 10134685 13194594 17215404 29130548 
400, 36208.135588, 19.966617, 128, 0.05
5116559 5576878 6856434 8367582 8623633 8873937 9361467 11228906 19966617 46484554 
400, 37890.310695, 19.959838, 128, 0.05
4831759 5736319 6674992 7365737 7948499 8707213 9703506 12913048 19959838 36728746 
400, 38612.921758, 18.800384, 128, 0.05
4539512 5237662 6286927 7031263 7602685 8419751 9395048 10816662 18800384 50166027 
400, 41450.223444, 19.650926, 128, 0.05
4362712 4982823 6212934 6740483 7169227 7556401 8312028 9014962 19650926 44544372 
400, 38889.095952, 17.355286, 128, 0.05
4462650 5198988 6275265 6783747 7479737 7951149 8296997 10347158 17355286 56654647 
450, 39066.935623, 19.766322, 128, 0.05
5866358 6664966 7393405 8265315 8752622 9308704 9907679 14369796 19766322 43805669 
450, 42545.871789, 18.837079, 128, 0.05
4627386 5724413 7000420 7669247 7943480 8373683 8939416 12368220 18837079 44332723 
450, 43333.995968, 19.000399, 128, 0.05
4849094 5797727 7027460 7532504 7914633 8675389 9426923 11302751 19000399 36804681 
450, 41802.023535, 18.795417, 128, 0.05
4996709 6074585 7122418 7695059 8091269 9155544 9913815 10927491 18795417 49030206 
450, 32146.535120, 21.030469, 128, 0.05
5189825 6112501 7266221 7801756 8467067 8822010 9855033 13368183 21030469 101977618 
500, 41147.572213, 23.309646, 128, 0.05
5060046 6297783 7392000 8219652 8942752 9459811 10097994 16226706 23309646 47161264 
500, 40194.001331, 22.231827, 128, 0.05
5632611 6423545 7342560 8066729 8812831 9494890 10686462 11737521 22231827 62988902 
500, 38587.581829, 23.746589, 128, 0.05
5726993 6637878 7655874 7972977 8678207 11137175 13009528 15955731 23746589 48013091 
500, 40086.371218, 21.720127, 128, 0.05
5332374 6894491 7907206 8633817 10038514 10796069 11350142 12323316 21720127 41712443 
500, 40430.217295, 22.130145, 128, 0.05
5925893 7109449 8372358 8694945 9230678 9839801 10425038 13673155 22130145 41632120 
550, 43490.640197, 19.588939, 128, 0.05
5903952 7128303 7945618 8847103 9253343 9692010 10037169 12474215 19588939 54074690 
550, 41515.651926, 21.2995, 128, 0.05
6480421 8135200 8661045 9190253 9895418 10558226 13450656 16467305 21299500 46181826 
550, 43645.277113, 22.30448, 128, 0.05
6068043 6717546 8004406 8849345 9179435 9658474 10307516 11262571 22304480 55947899 
550, 41272.767116, 24.901678, 128, 0.05
6701557 7867489 8876217 9500601 10099497 10658550 11436524 17985517 24901678 46107207 
550, 44844.549106, 25.749056, 128, 0.05
5480181 6546336 7483903 8246157 8843354 10302879 11186854 12392938 25749056 46336151 
600, 40331.646972, 22.657573, 128, 0.05
6633294 8386270 9807297 10413826 11413377 12089926 13391149 15641114 22657573 59806113 
600, 43961.148860, 21.860006, 128, 0.05
6959122 8324623 9052065 9750186 10464454 11249369 11895655 16939508 21860006 42365295 
600, 43182.117532, 21.303726, 128, 0.05
7671087 8717467 9969998 10779327 11728208 12156893 12909926 15108948 21303726 38461901 
600, 43874.636737, 22.099292, 128, 0.05
6092226 7042966 8499487 9006936 9234998 10757002 14370859 17736982 22099292 40487867 
600, 46239.390164, 23.185408, 128, 0.05
6249538 7201762 8451557 9047303 9479420 9940104 10820788 14741734 23185408 49751940 
650, 42608.937034, 22.727709, 128, 0.05
7100406 8572394 10040672 11252649 11867934 12356092 13934473 15021442 22727709 57226382 
650, 41546.966567, 27.225348, 128, 0.05
6976329 9083798 9959464 10422316 10843229 11694826 13178384 16860679 27225348 56415476 
650, 43987.856360, 25.608221, 128, 0.05
7388814 8986191 9659216 10182384 10937745 11613642 12380772 17268773 25608221 41639484 
650, 43753.066652, 27.066551, 128, 0.05
6490845 7255339 8660884 9585228 9909087 11648167 13584602 15724858 27066551 62790125 
650, 46236.089630, 26.158073, 128, 0.05
7022091 8417051 8687479 8999790 9413095 11016138 13021731 15805898 26158073 49284748 
700, 41201.348253, 25.180066, 128, 0.05
8361378 10268744 11187627 11605660 12213875 14166492 17109734 19393414 25180066 48411560 
700, 42261.018053, 30.127166, 128, 0.05
7599874 9464068 10328049 11238731 11866555 13009329 13721029 15893461 30127166 58212199 
700, 40545.011395, 25.691366, 128, 0.05
7852581 9687675 10394011 11349381 12414142 13976952 17437138 21870116 25691366 56932183 
700, 41998.439288, 23.282789, 128, 0.05
7350726 8916979 9790622 10151967 10838967 12479735 15153623 16683625 23282789 64228953 
700, 44341.561380, 30.566995, 128, 0.05
7797091 9089993 10286741 10761778 11394709 11875111 12774564 17783304 30566995 62607659 
750, 48534.456700, 31.234756, 128, 0.05
6833639 8546336 9014823 10342422 10909716 11229725 13261806 17948238 31234756 44071489 
750, 41729.125431, 36.268782, 128, 0.05
8390535 9493490 10979439 11494471 12218708 12864019 13075657 13487333 36268782 64846538 
750, 40266.348203, 28.236529, 128, 0.05
9477163 10240806 11136959 12581758 14213564 16872904 21126310 24298086 28236529 43438949 
750, 35553.031891, 36.717801, 128, 0.05
8453715 12223163 13170714 14110604 16469096 18140918 20389484 24255498 36717801 77861947 
750, 43054.860309, 31.390395, 128, 0.05
7603399 9534405 10400409 10730860 12228583 13883987 17670585 22699137 31390395 51627292 
800, 45530.813914, 27.787289, 128, 0.05
7555432 9692395 10188980 10967511 12162666 13367200 17591011 20726330 27787289 65810675 
800, 44852.980743, 27.17344, 128, 0.05
9659230 10883363 11761974 12297055 12857622 13666989 15333973 19810956 27173440 52462723 
800, 46447.785534, 31.707551, 128, 0.05
8445855 9735854 10515014 11063766 11672173 12170866 12580641 20382434 31707551 53446557 
800, 40658.057326, 36.523444, 128, 0.05
10065067 11630586 12480976 13457054 14159135 14419423 15090142 18475127 36523444 71523848 
800, 42651.897236, 34.407714, 128, 0.05
8757327 9959697 10753972 11215940 11493281 11892229 13290466 19458883 34407714 70618326 
850, 44711.641412, 31.163173, 128, 0.05
9359212 10178098 11492150 12252662 12884104 13842222 17982587 20537600 31163173 68593435 
850, 40413.039367, 38.002722, 128, 0.05
10837988 12005828 13461273 14017009 15064942 15738068 16329599 23859313 38002722 60240001 
850, 41279.473121, 34.672195, 128, 0.05
9593547 11021045 12387882 12805432 13400787 13746515 18198892 23613847 34672195 74190748 
850, 45516.572750, 26.594437, 128, 0.05
9036284 10783183 11336308 11806427 12646405 13166535 14100857 18776342 26594437 62617764 
850, 42111.682397, 33.563013, 128, 0.05
8810210 11963380 12944675 13940576 14525076 15169469 15849612 18071597 33563013 68561228 
900, 43230.733531, 31.328689, 128, 0.05
11670350 12894267 13728297 14548117 14853724 15392700 19269782 22395021 31328689 64013274 
900, 44730.950356, 29.957647, 128, 0.05
10518566 11689583 13050469 13756577 14343077 16268439 18673139 23415347 29957647 64908909 
900, 38067.826795, 46.85083, 128, 0.05
10231957 11592314 12666211 13965707 14440060 15633038 16873786 24426323 46850830 80135080 
900, 41018.131384, 31.8021, 128, 0.05
12464249 14106785 15390369 16128114 16763349 17552993 18394680 20724842 31802100 62516217 
900, 40104.186827, 43.076606, 128, 0.05
9600088 11807301 12966084 14495151 15398267 16655887 18013421 22460969 43076606 84868517 
5, 2139.327200, 7.481178, 128, 0.5
296235 345821 394639 465089 1206229 2178731 2450867 2772448 7481178 54201500 
5, 2206.049595, 6.986751, 128, 0.5
316971 363354 408018 467923 1158662 2011007 2417415 2856540 6986751 27044981 
5, 2103.253657, 7.298732, 128, 0.5
331252 382810 428035 492989 1362119 2276479 2550520 2919886 7298732 62439281 
5, 2095.654210, 7.46602, 128, 0.5
295834 335748 373993 429018 1072336 2145145 2424793 2776055 7466020 123654158 
5, 2228.549161, 7.058497, 128, 0.5
282617 323973 366980 429377 1256729 1836122 2117457 2490296 7058497 131738769 
50, 9202.304594, 9.566697, 128, 0.5
689817 891926 1193313 1785204 3775764 7398160 8030394 8548974 9566697 29131734 
50, 9363.667393, 9.565651, 128, 0.5
722765 917505 1177234 1645318 3562996 6960303 8010656 8731968 9565651 41100434 
50, 8938.656628, 9.624245, 128, 0.5
793193 1072473 1413140 2006303 3691749 7567009 8053814 8705194 9624245 59754904 
50, 9724.591053, 8.866394, 128, 0.5
747814 899770 1091918 1561048 3882999 6966480 7658497 8185632 8866394 37054476 
50, 9626.904067, 9.379897, 128, 0.5
770036 967734 1175859 1859694 3956555 6935859 7805383 8430262 9379897 25170571 
100, 15760.210515, 10.758212, 128, 0.5
1370289 1853312 2621672 3305382 4945489 7280957 8377026 8979885 10758212 32778160 
100, 17394.503605, 9.635258, 128, 0.5
1116247 1288477 1850288 2977784 4085039 7321836 7932389 8497456 9635258 29433295 
100, 14696.119440, 10.754177, 128, 0.5
1327626 1872806 2723518 3581973 6109812 7909381 8466867 9179289 10754177 50327549 
100, 15160.082872, 11.568696, 128, 0.5
1219495 1500625 2194360 3089146 4978616 8295988 9175736 10151181 11568696 29013127 
100, 14473.594486, 12.959762, 128, 0.5
1050790 1212629 1768450 2712478 4041123 8768359 9587971 10249541 12959762 30782839 
150, 18229.922174, 15.062673, 128, 0.5
1988264 2802970 3693716 4617619 6719963 8591583 9473419 10720042 15062673 53835312 
150, 21257.198822, 12.572846, 128, 0.5
1869446 2576591 3656189 4650230 6552367 7653639 8248960 9086501 12572846 25818400 
150, 19174.862449, 12.956653, 128, 0.5
2135880 2890872 4060026 5066333 7700912 8583964 9265486 10250179 12956653 30636928 
150, 23559.557299, 11.464885, 128, 0.5
1828131 2059692 3218228 4237980 4977477 6212820 7192591 8586891 11464885 30826319 
150, 19201.846855, 14.269005, 128, 0.5
2083329 2614361 3789924 4569935 7239605 8610634 9343718 10774199 14269005 33241178 
200, 24554.515106, 14.318252, 128, 0.5
2508697 3427337 4521361 5417304 7209853 8445350 9234270 10354318 14318252 30780743 
200, 26830.295985, 11.184512, 128, 0.5
2200167 2727082 4014795 4521465 5326711 6814195 8206473 9475483 11184512 47220701 
200, 24956.600845, 15.442944, 128, 0.5
2206008 3128758 4145971 5013264 6278277 7695622 8922423 10248907 15442944 31787060 
200, 23194.280444, 15.22856, 128, 0.5
2559541 3296725 4113380 4965132 6119488 7701718 8725059 10090182 15228560 56502420 
200, 23805.173471, 14.213012, 128, 0.5
2742835 3906522 4778434 5467621 6621995 8161081 9259477 11286622 14213012 34426770 
250, 26910.937244, 18.978441, 128, 0.5
2691576 3492554 4705491 5315736 6493141 8525947 10223497 12081144 18978441 34538459 
250, 25940.929324, 15.113967, 128, 0.5
3111802 4381153 5571138 6376204 7200967 8103457 9202365 11649602 15113967 47260872 
250, 27028.771113, 17.519932, 128, 0.5
3076496 4349320 5588963 6532780 7477793 8534854 10382863 11816667 17519932 31249895 
250, 26500.619649, 15.741529, 128, 0.5
3896959 5410904 6250038 7078569 8023211 8766774 10055932 11238528 15741529 30466857 
250, 24292.541906, 19.173, 128, 0.5
3473633 4989999 5755090 6502191 7417050 9566646 11158143 13236067 19173000 41550352 
300, 29723.696012, 24.213609, 128, 0.5
3639150 4611583 5848077 6426676 6948361 8649314 10101908 11655491 24213609 42817190 
300, 29134.529096, 24.665862, 128, 0.5
3341773 4639522 5704761 6644739 7935121 8855021 10155710 12979882 24665862 35348801 
300, 28582.958447, 18.852271, 128, 0.5
3099813 4655731 5627531 6769898 8227620 9428631 11068822 13750866 18852271 36222699 
300, 31158.795479, 21.908131, 128, 0.5
3186960 4586646 5932572 6625073 7556641 8335200 9401344 11125015 21908131 31908652 
300, 28538.736878, 18.803447, 128, 0.5
3982947 5383835 6110873 6771913 8285023 9151109 10785459 12380191 18803447 44441639 
350, 28646.767852, 21.814209, 128, 0.5
4742884 5747183 6997027 7557164 9327011 10294345 14490324 17458113 21814209 36223919 
350, 30596.632810, 18.04569, 128, 0.5
4661494 6284576 7148454 7832170 9174888 10285635 12026980 14298757 18045690 40816506 
350, 26326.918139, 26.429558, 128, 0.5
5306747 6753093 7921737 8958080 9590513 10346003 13584271 18805307 26429558 39278278 
350, 34840.118522, 15.502619, 128, 0.5
3459947 5154781 5976640 7526040 8237959 9095868 10167854 12309470 15502619 40763089 
350, 33513.839206, 19.400887, 128, 0.5
3713616 5322526 6065046 6825882 8146049 9834755 11059834 13113419 19400887 33200425 
400, 32881.924033, 22.834902, 128, 0.5
5329230 7030306 7866349 8514821 9247526 10927715 12257237 14360385 22834902 39967984 
400, 31663.419171, 28.634475, 128, 0.5
4615329 6108315 6957072 7423055 8773879 10176772 12109723 14271817 28634475 48484712 
400, 29103.473918, 31.489368, 128, 0.5
5457172 7000981 7826207 9003286 10031454 11451200 13849076 17204586 31489368 45666468 
400, 32471.004018, 31.467078, 128, 0.5
4807662 6326237 7512055 7859215 8268483 10364644 12209051 13224305 31467078 48422648 
400, 28662.724015, 27.156661, 128, 0.5
5297085 6754576 7624896 8827391 9889272 12105191 14573436 21213283 27156661 47433183 
450, 32218.713307, 27.638644, 128, 0.5
4829956 6944025 7707243 8729614 10219416 11626958 13154259 17576352 27638644 47982476 
450, 33062.901174, 31.706534, 128, 0.5
5363164 6416816 7510288 8129429 9016066 11031684 13014315 17366091 31706534 45715291 
450, 36092.308562, 22.475323, 128, 0.5
5572624 7169153 7744154 8490291 9903544 12219814 13142595 15145294 22475323 39529462 
450, 30182.949269, 27.840614, 128, 0.5
5315755 7058722 8395616 10509639 11525943 13402048 15660076 21242263 27840614 55975913 
450, 31801.762062, 32.075368, 128, 0.5
4655804 6490870 7233315 7684573 9621337 10800435 12698059 19830879 32075368 61378297 
500, 31886.584063, 36.015385, 128, 0.5
6138906 7718136 8316489 9762564 12099488 13518218 14551041 18547851 36015385 60118180 
500, 34214.161994, 33.273388, 128, 0.5
6662768 7671359 8245217 9346413 10091231 11252108 12440054 17902055 33273388 52198974 
500, 32493.959657, 28.684533, 128, 0.5
6316455 7673445 8566514 9455595 10668720 13085172 14225115 18853566 28684533 57310766 
500, 32676.865561, 33.153962, 128, 0.5
6958975 8394717 9088344 9935569 10884725 12759893 14696901 16831845 33153962 56135692 
500, 35736.530939, 28.910917, 128, 0.5
5234836 7047806 7750079 8570725 10068041 11716247 13833311 17385895 28910917 56434169 
550, 31575.333588, 38.473618, 128, 0.5
7035422 8023237 9022985 9925913 11668657 13418613 15730543 23327706 38473618 57861052 
550, 37775.700425, 26.919708, 128, 0.5
5770054 7281070 7762247 8680149 10958109 12793919 15305968 20324511 26919708 45024356 
550, 31473.583617, 32.420656, 128, 0.5
7059927 8101579 9173948 9850241 11795292 15120937 19204133 23354497 32420656 64568432 
550, 29061.087638, 37.552316, 128, 0.5
6946517 9920463 11198834 12560035 13722897 15232528 19580878 25972659 37552316 61753815 
550, 34575.945204, 28.056852, 128, 0.5
7204239 8998251 9789234 10384338 11158352 11968605 12885338 15471346 28056852 63192248 
600, 34794.543042, 25.251046, 128, 0.5
7950776 11071964 12142482 13681226 15465267 16678574 19056908 21602904 25251046 41294339 
600, 36315.964067, 27.226407, 128, 0.5
6869873 9159197 9922885 11079918 12507376 14584366 17416729 19919006 27226407 45596758 
600, 33672.085740, 38.606249, 128, 0.5
7229221 8105432 9274113 10185591 11176751 12471201 15431479 20732041 38606249 55803026 
600, 33364.744127, 32.717095, 128, 0.5
8927140 9522685 10542483 11659994 12462553 15247077 17701551 20544088 32717095 55096145 
600, 32628.047205, 36.21228, 128, 0.5
7534567 9195822 10227092 11597426 12355259 15057152 18443752 25442060 36212280 56926120 
650, 31745.961502, 34.813511, 128, 0.5
9285546 11352836 12517189 13675244 15311832 18897925 24246631 28610744 34813511 57265889 
650, 37533.971951, 32.292246, 128, 0.5
7333080 9559442 10450579 12171541 13671383 14866114 16406009 21124631 32292246 57355286 
650, 35769.492605, 31.708137, 128, 0.5
8295200 10324303 10654901 12341217 13993184 17031828 19644625 22983124 31708137 49993520 
650, 37283.565778, 26.018941, 128, 0.5
8794990 9565201 11106349 12198689 13793768 14936302 19580853 21846472 26018941 43305755 
650, 33859.243225, 32.559514, 128, 0.5
8260964 10034441 10752759 12409678 13709917 16140293 20864758 26375614 32559514 56088613 
700, 34899.421246, 33.510535, 128, 0.5
10388801 11600316 12848308 13718418 16540737 17830793 20851793 25013018 33510535 60016622 
700, 40877.393519, 28.529712, 128, 0.5
7065516 9899688 11066576 11781052 12527661 13424153 15438747 20387363 28529712 43917129 
700, 35828.828688, 37.330239, 128, 0.5
9522965 10968183 11922808 13015961 14752152 15609995 16831919 25521928 37330239 51445905 
700, 31753.415877, 41.106708, 128, 0.5
8991241 10078472 11566926 13167781 14333775 15083046 21967484 35863916 41106708 48383475 
700, 34527.213003, 35.451033, 128, 0.5
8885886 11782368 12576416 13577597 14529578 17481129 21438208 25498818 35451033 60658316 
750, 33793.994822, 43.326747, 128, 0.5
9986695 11415593 12068237 12688623 13610354 16163933 21491987 28955864 43326747 59018720 
750, 35871.683358, 36.323523, 128, 0.5
9565160 10363357 11429315 13079334 13632805 15117625 18566159 30082004 36323523 72455601 
750, 31873.467840, 38.682727, 128, 0.5
9245415 11572553 12463035 14595980 16795288 20818020 24993299 32108443 38682727 60027373 
750, 33946.658705, 35.026542, 128, 0.5
11704752 13175652 14288259 15663876 17626604 20484565 23075742 26213653 35026542 51118606 
750, 38174.415323, 27.20701, 128, 0.5
10491198 12488737 13005033 13804932 14689936 16969345 21686826 24961855 27207010 48016455 
800, 33044.164729, 32.538618, 128, 0.5
10344579 12023692 12953564 17828082 22306759 27307814 29641815 30694909 32538618 56683895 
800, 32261.408984, 40.228075, 128, 0.5
10767786 12619408 14127933 14996526 16076136 22206579 29176997 35748265 40228075 89334338 
800, 35752.532752, 39.209203, 128, 0.5
7842798 10719135 11560030 13067775 16568605 21155314 22969243 26338098 39209203 70529474 
800, 36036.713656, 36.207851, 128, 0.5
9733535 12134175 12589334 13775543 15094311 20027742 25091720 29192925 36207851 70459260 
800, 33783.897576, 43.822984, 128, 0.5
9658607 11554242 12145517 13140174 14967297 20429836 24125949 35388857 43822984 59751500 
850, 35128.537550, 39.335862, 128, 0.5
9258381 12400020 14005906 16003911 17680332 22297257 29644729 34164753 39335862 58669300 
850, 38736.171361, 43.678912, 128, 0.5
9443194 11671635 13138364 14509179 14925429 15982228 17664645 23686682 43678912 59983675 
850, 37643.837574, 34.15445, 128, 0.5
11695588 13895347 14230722 14888148 16575920 18811548 22445224 27469540 34154450 60372080 
850, 26941.515966, 47.518612, 128, 0.5
13151892 15013151 17366329 19228484 24298449 28228776 32634114 38786404 47518612 85343144 
850, 30116.476527, 52.585484, 128, 0.5
13689735 14652168 16154506 17607487 22719388 24757958 28386594 36595181 52585484 77970366 
900, 33948.568645, 52.361734, 128, 0.5
13633960 14556806 15082634 16104325 17077312 17713931 19595940 26527194 52361734 77931299 
900, 28588.589403, 56.911675, 128, 0.5
13514357 14480319 15280372 18303025 20963831 25760110 29547207 50210096 56911675 82129806 
900, 34394.430166, 43.741686, 128, 0.5
11164502 12937668 14139607 15610876 17701879 19575870 21711676 27690705 43741686 104087127 
900, 37644.158115, 32.187955, 128, 0.5
11156720 13130072 13887908 17444098 20121500 23597863 27670455 29839632 32187955 43551177 
900, 37553.213749, 45.737782, 128, 0.5
12204972 13300207 15182061 15774756 16277712 18251051 19590313 23831393 45737782 77098994 
5, 1268.754471, 8.226335, 128, 0.95
1684320 1915615 2095381 2258589 2422136 2655116 3106553 6933876 8226335 64040882 
5, 1160.056352, 8.945433, 128, 0.95
1940491 2242690 2439225 2599595 2760570 2957473 3350231 7599421 8945433 45623561 
5, 1246.661880, 8.178473, 128, 0.95
1647359 1926179 2166600 2366481 2597852 2871359 3389936 6765731 8178473 87522325 
5, 1099.275971, 9.184802, 128, 0.95
2158511 2444536 2604126 2750664 2912787 3114035 3534095 8059142 9184802 72828173 
5, 1133.803754, 8.845144, 128, 0.95
2103397 2401125 2566857 2713837 2868278 3058769 3462955 7776216 8845144 50786353 
50, 5494.837123, 12.060791, 128, 0.95
5979793 7239205 7693962 8067936 8390052 8708621 9041293 9676765 12060791 29844411 
50, 6058.700144, 10.041673, 128, 0.95
4209911 6157746 6944250 7430843 7821322 8129889 8518043 9025691 10041673 32229668 
50, 5513.482535, 10.780558, 128, 0.95
4663153 6699095 7285342 7791012 8223377 8630117 8979043 9341538 10780558 79091926 
50, 5221.825211, 12.781706, 128, 0.95
4937462 7687064 8138299 8426706 8688581 9021572 9369849 9893401 12781706 44986519 
50, 5860.678882, 10.864749, 128, 0.95
4580384 6918261 7326766 7609363 7816067 8078162 8503710 9053026 10864749 27233074 
100, 10475.666197, 12.663246, 128, 0.95
6272284 7049059 7644184 8130966 8651445 9085587 9573499 10285172 12663246 28351269 
100, 9693.195211, 16.938455, 128, 0.95
5570460 7778243 8300028 8674125 9160419 9751736 10306259 11322196 16938455 30475513 
100, 9803.959939, 12.024689, 128, 0.95
5646885 7505538 8205309 8758071 9147130 9488683 9840205 10385156 12024689 39840117 
100, 10831.349696, 13.095365, 128, 0.95
5271721 6809254 7412584 7759220 8151003 8582054 8976096 9651492 13095365 36369373 
100, 10545.492612, 17.959358, 128, 0.95
5232920 7111022 7716994 8058922 8372298 8748650 9240008 9989772 17959358 30467158 
150, 16421.615789, 14.016665, 128, 0.95
4883818 6199499 6841026 7393161 8003480 8596128 9422199 10369122 14016665 27146449 
150, 16402.445872, 15.113491, 128, 0.95
4593869 5785794 6341695 7127357 7626057 8550076 9377640 10823416 15113491 32394827 
150, 14425.424273, 20.400015, 128, 0.95
5582055 6791889 7465132 8007062 8416759 8864795 9691137 10982192 20400015 38011933 
150, 18059.214699, 10.937996, 128, 0.95
4384712 5675910 6573571 7183738 7535292 7844235 8331820 9329979 10937996 24458544 
150, 16609.784522, 16.326357, 128, 0.95
4371590 5921881 6860977 7409030 8068440 8461419 9232568 10056567 16326357 29497200 
200, 21221.938777, 14.175796, 128, 0.95
5183105 6382725 6746008 7277959 7800920 8182723 8930388 9881429 14175796 35587328 
200, 19213.532106, 17.771208, 128, 0.95
5194165 6602683 7339064 8140231 8702815 9308005 9959627 11302355 17771208 47162895 
200, 19367.180739, 17.893139, 128, 0.95
5986256 6966756 7541423 8172126 8606656 8873268 9718593 11519530 17893139 31639060 
200, 18808.855177, 14.243649, 128, 0.95
5757850 7004453 7894124 8510874 9041258 9621576 10287941 11474261 14243649 37626876 
200, 20045.400386, 14.362491, 128, 0.95
5738985 6834502 7164107 7448832 7854846 8462235 9290098 10628630 14362491 34325044 
250, 20621.372135, 23.5879, 128, 0.95
6406029 7516222 8055388 8793536 9471156 10215532 11226165 12543608 23587900 48281848 
250, 20649.558287, 23.958189, 128, 0.95
6033163 7458430 8025405 8700805 9387565 10201759 12163655 15737340 23958189 39072383 
250, 20247.109410, 20.596191, 128, 0.95
6665257 8429816 9095134 9631582 10026425 10538024 11441430 12349030 20596191 44326403 
250, 20213.406107, 22.370035, 128, 0.95
6035642 7296197 8176318 9224359 10461400 11495175 12553691 14833582 22370035 43547024 
250, 21555.964391, 23.435367, 128, 0.95
5803665 7554156 8430664 8800602 9455266 10130526 11056964 12994959 23435367 38652001 
300, 24552.650222, 26.39103, 128, 0.95
5945962 7521485 8491640 9351057 9919149 10561427 11809379 14587568 26391030 34856518 
300, 25297.451482, 23.773478, 128, 0.95
6025814 6939401 7522557 8012986 9100471 10221286 11231382 13321767 23773478 38041373 
300, 20947.390785, 23.7169, 128, 0.95
6884020 9288796 10036846 10952710 11792059 12578160 13614989 17025341 23716900 45896157 
300, 20284.350282, 29.645838, 128, 0.95
6535021 7595129 9310840 9960408 10763117 12515772 14419725 21309258 29645838 52029463 
300, 25055.719975, 24.365372, 128, 0.95
6381208 7741146 8404561 9015585 9391281 10033837 11197892 13262960 24365372 34312974 
350, 21714.920659, 32.160624, 128, 0.95
7388489 9010581 9481422 9914022 11049074 11921224 13589852 21175833 32160624 66932051 
350, 24175.064133, 29.504732, 128, 0.95
8059736 9383393 10043733 10488123 11029539 11537179 12660365 15310161 29504732 43271633 
350, 22132.681459, 30.537513, 128, 0.95
6984016 8763226 9995563 11053414 12203405 13526523 16391519 21106869 30537513 54665957 
350, 24762.673178, 27.536264, 128, 0.95
6763753 8250146 9505817 10475339 12065118 13169399 14118430 17047985 27536264 34126056 
350, 26703.816660, 25.92572, 128, 0.95
7065309 7705155 8149083 8668867 9591020 10956001 12261311 17789091 25925720 36631366 
400, 28233.176404, 25.804652, 128, 0.95
7960518 8793082 9683882 10317459 11120795 12209177 13240699 16556105 25804652 49480708 
400, 29610.929911, 24.237184, 128, 0.95
7078888 8279395 8820454 9307433 10029876 11016014 12602930 15285449 24237184 36465981 
400, 25239.193668, 30.774069, 128, 0.95
7209335 9172715 9798314 10576791 11297304 11825409 13725873 17633447 30774069 80719660 
400, 29784.246493, 21.69604, 128, 0.95
7867175 8415290 9260447 9865836 10914402 12076597 12995200 14911744 21696040 34554003 
400, 25344.949965, 31.028248, 128, 0.95
8012422 9587328 10410699 11140180 12513061 14639594 16872794 19392081 31028248 38598145 
450, 31055.876027, 30.555093, 128, 0.95
7437882 8843758 9262508 9718865 10747066 11768570 12519680 13937131 30555093 52703944 
450, 27638.359986, 36.755603, 128, 0.95
8043361 9043053 9596446 10738064 11865515 12667843 14657937 21250971 36755603 54238910 
450, 28044.053888, 25.146597, 128, 0.95
8355802 9353239 10024898 11262522 12300207 13661736 15573115 17788393 25146597 61105966 
450, 24286.804801, 33.637159, 128, 0.95
9058392 10241588 11309240 12176705 12890845 13637551 15104384 18043090 33637159 71870967 
450, 27918.625070, 29.417949, 128, 0.95
8433263 9814513 10690796 11677217 12260622 13514984 14548063 19317893 29417949 54406706 
500, 28184.780492, 32.922442, 128, 0.95
9012759 10338175 11421006 12709280 13769037 15434616 17479687 22853611 32922442 46609832 
500, 31242.743287, 29.155099, 128, 0.95
8539549 9930018 10787938 11298371 11728532 13083876 15089417 19429373 29155099 40629945 
500, 26865.114684, 36.523327, 128, 0.95
8926056 9990181 10802762 11656610 13140749 15512134 16897528 27970167 36523327 57659633 
500, 26335.483980, 34.541535, 128, 0.95
9606953 10325946 11080217 12103401 12910401 14604388 18337288 28765302 34541535 68512343 
500, 34032.731258, 23.993291, 128, 0.95
7957506 8989017 9838893 10476517 11198732 12137132 14817528 17389708 23993291 40198422 
550, 32080.833229, 32.802391, 128, 0.95
8404621 9430200 10468371 11610760 12995083 14164160 17216428 21557797 32802391 50173936 
550, 29878.673731, 32.684302, 128, 0.95
9430383 10922256 11897077 13381373 14595954 16232584 17694030 21234742 32684302 45987155 
550, 34705.469121, 28.538004, 128, 0.95
8399416 9319130 9737399 10372735 11322320 12564359 14465827 20634040 28538004 43312206 
550, 24659.959016, 44.238082, 128, 0.95
10442385 12269009 13670024 15009505 17436073 21130981 24464063 30128912 44238082 57231661 
550, 26740.512482, 37.252385, 128, 0.95
8408933 9681292 11001773 12117353 13202182 14538647 18412426 28864988 37252385 77397313 
600, 31343.642167, 33.89358, 128, 0.95
9585176 11187639 11945554 12773953 13539968 14925493 17221661 23492298 33893580 69546483 
600, 29340.523068, 42.175881, 128, 0.95
10602167 11979979 13178030 14149457 15632528 16546228 17868088 20691083 42175881 49890469 
600, 24154.248354, 41.580024, 128, 0.95
10670838 12342865 14134544 16809059 19110001 23727758 31044208 38714047 41580024 63184494 
600, 28146.376232, 35.514295, 128, 0.95
10158688 11719860 12872984 13441394 14211443 16452884 21589632 26566834 35514295 59432993 
600, 28248.627310, 36.11099, 128, 0.95
10854990 11938432 12796671 13924258 15330806 16823677 19047189 27210182 36110990 57342528 
650, 30163.164805, 43.461358, 128, 0.95
11404815 12750025 14108619 14480932 15675265 16945005 18624413 22506726 43461358 61113676 
650, 30418.435543, 37.104844, 128, 0.95
11435220 12641105 14240236 14981397 15914051 17319144 20068281 25118622 37104844 56450166 
650, 29099.210429, 39.050484, 128, 0.95
10529175 12246890 13424033 14952534 15920731 17755696 23395198 32592692 39050484 48850180 
650, 26162.906119, 45.370332, 128, 0.95
10775789 13013901 14004358 15018966 17130482 24657923 28140555 34626200 45370332 83047358 
650, 30054.057843, 30.285513, 128, 0.95
12568194 14171124 15233492 16547333 17973576 20148678 23028986 25947346 30285513 52646222 
700, 31757.908296, 38.245475, 128, 0.95
10711017 11767295 12483445 13282436 14291893 15336033 19417950 33723273 38245475 56708686 
700, 28254.026630, 41.287611, 128, 0.95
12905896 14073999 15170043 16366038 18165673 21536954 29047249 34712581 41287611 57016107 
700, 32181.731318, 39.810995, 128, 0.95
10303644 11177808 12119208 13282661 14075969 17017513 20445230 26476346 39810995 58007071 
700, 24219.016754, 54.487574, 128, 0.95
11699651 13416866 15272880 20337596 23741149 27589690 30016239 37034058 54487574 68857222 
700, 31204.656903, 40.476401, 128, 0.95
10822589 12218585 13197157 13754710 15501460 18374362 20308786 26836986 40476401 58190867 
750, 30698.999016, 42.229217, 128, 0.95
12302543 14074601 14982797 16300562 18806979 20757931 23157468 35568042 42229217 59017472 
750, 27924.737917, 49.060977, 128, 0.95
13095863 14449462 14988927 15867781 17179805 19935045 22332525 33046065 49060977 82632517 
750, 25302.462282, 44.399974, 128, 0.95
14658735 16708998 18248219 22619113 26142748 28000605 33730356 38514825 44399974 56376351 
750, 25838.189111, 48.540573, 128, 0.95
12484105 15010567 16302323 19087589 23843061 26329974 29740460 39930868 48540573 81775485 
750, 28598.449367, 48.453134, 128, 0.95
11247707 13250398 14692964 16104532 16989233 21449090 29322251 38057726 48453134 69692787 
800, 30990.120817, 47.90224, 128, 0.95
12097146 13950449 14757811 15967993 18267113 22658084 26923772 37440648 47902240 53364443 
800, 32780.989612, 45.590996, 128, 0.95
12357765 14163629 15399722 16511413 18269336 19482396 22081067 29266170 45590996 62523632 
800, 33311.666315, 42.235673, 128, 0.95
11857619 13617074 14197257 15970164 19052695 21579271 23220268 27179931 42235673 51683413 
800, 29952.535535, 49.430496, 128, 0.95
11942849 13357401 14386313 16271179 17577281 19219412 24683034 40042704 49430496 71274768 
800, 29607.490771, 38.701248, 128, 0.95
14841679 16606802 18541332 19388928 21390940 24614976 28376417 36850081 38701248 58717815 
850, 29045.191410, 43.503276, 128, 0.95
13365895 15714650 16797899 19539263 21293143 23173859 32659683 41310016 43503276 73851507 
850, 30564.647570, 46.384043, 128, 0.95
13774559 15438646 16689046 17661719 18796226 20852817 32954174 36716963 46384043 72653318 
850, 30969.467051, 57.6203, 128, 0.95
11771064 13725203 14551736 15205863 16106793 17132432 23004082 42162848 57620300 82908952 
850, 31273.409809, 45.405156, 128, 0.95
12684600 15033042 16090269 16863022 18486468 20411204 27374306 37903484 45405156 84076022 
850, 30017.726278, 48.209117, 128, 0.95
15036525 16231099 17347563 19140836 21594894 24120410 30938911 36481973 48209117 75735308 
900, 31660.122957, 43.238697, 128, 0.95
14318949 16289144 17025136 17932418 20755796 25708245 31296078 36807161 43238697 70839232 
900, 35165.550656, 41.738625, 128, 0.95
11810339 14492952 16850949 18067102 18741800 19917888 23144879 33285610 41738625 71559888 
900, 32978.929663, 45.597011, 128, 0.95
13601848 14922303 17002446 17563591 19717491 22408725 29775311 36073063 45597011 75523649 
900, 33355.593522, 46.394484, 128, 0.95
12815507 14831709 15346886 15730143 16353298 20351459 25644329 35996187 46394484 79974026 
900, 31814.700292, 47.932025, 128, 0.95
12826327 14756089 15984229 16925497 18495539 19565003 28435089 44206594 47932025 66690700 
5, 5827.085955, 0.630713, 1024, 0.05
299864 335835 363810 389980 414129 440816 473049 517077 630713 23123683 
5, 5893.050617, 0.595584, 1024, 0.05
291303 328112 353896 377688 399856 423143 449540 489867 595584 23904444 
5, 5773.591558, 0.534454, 1024, 0.05
255738 283828 305745 325554 345356 369602 399192 442387 534454 30807189 
5, 5726.786694, 0.564295, 1024, 0.05
277975 310019 331858 351273 369893 389225 414003 451800 564295 46782679 
5, 5919.535273, 0.56133, 1024, 0.05
278820 308255 328738 347986 366398 386515 411807 449545 561330 23808231 
50, 28396.656804, 2.392041, 1024, 0.05
620954 732868 841877 972862 1111074 1263984 1484605 1826910 2392041 24065768 
50, 22584.922833, 3.122355, 1024, 0.05
725912 875442 996229 1144359 1312811 1499101 1791937 2309616 3122355 32872171 
50, 23975.350520, 2.74074, 1024, 0.05
611339 714432 819202 942989 1112197 1334495 1635676 2052192 2740740 29718005 
50, 22212.388304, 3.56912, 1024, 0.05
745074 907197 1056291 1198776 1385438 1681927 2022554 2550953 3569120 29194299 
50, 23799.378021, 3.359805, 1024, 0.05
616949 706534 835037 998361 1215006 1446639 1758083 2322739 3359805 34599650 
100, 34593.463788, 4.411996, 1024, 0.05
1076403 1173027 1254141 1347650 1562885 1997461 2658650 3328391 4411996 22177772 
100, 34160.130792, 3.75585, 1024, 0.05
997201 1160781 1384932 1630793 1825667 2159162 2576260 3033370 3755850 34040506 
100, 36814.954912, 4.226682, 1024, 0.05
1020441 1156824 1287152 1429269 1675023 2004023 2506387 3127288 4226682 23125182 
100, 35783.660007, 3.91046, 1024, 0.05
1210951 1303613 1384815 1464283 1587944 1958090 2749277 3268370 3910460 21428773 
100, 32082.362045, 4.406109, 1024, 0.05
1124055 1254435 1366373 1523735 1737363 2108756 2669674 3323208 4406109 30107699 
150, 37669.009167, 5.62775, 1024, 0.05
1531268 1730228 1869139 2180752 2736880 3359684 3687782 4167549 5627750 27577273 
150, 37048.881153, 5.237688, 1024, 0.05
1477630 1708749 2005309 2246990 2701821 3355623 3792056 4239892 5237688 32226158 
150, 36580.224682, 6.462606, 1024, 0.05
1603688 1788159 1924873 2214375 2780236 3260422 3788855 4230601 6462606 33264857 
150, 36880.331824, 5.913007, 1024, 0.05
1652176 1793071 1941025 2262273 2781061 3387567 4005923 4486933 5913007 28543228 
150, 35331.192871, 8.805543, 1024, 0.05
1593518 1794885 2064953 2363663 2949923 3585851 4159470 4493833 8805543 23088222 
200, 37836.916744, 7.216834, 1024, 0.05
2095606 2455448 2838038 3553314 4072532 4605174 4998330 5714976 7216834 41152934 
200, 38509.001843, 6.811494, 1024, 0.05
2025292 2248640 2520294 3083607 3946479 4305565 4567362 4961288 6811494 51999702 
200, 37578.308592, 9.31318, 1024, 0.05
2004907 2250181 2646627 3184262 4013589 4441721 5133083 6012526 9313180 24725939 
200, 40240.705251, 8.199163, 1024, 0.05
2114913 2333436 2596896 3286535 4013526 4581286 4977197 5576743 8199163 24531643 
200, 32967.702175, 10.534475, 1024, 0.05
2599616 2850214 3101178 3587881 4572015 5096084 5571273 6251325 10534475 35194192 
250, 38075.528171, 11.315264, 1024, 0.05
2885423 3227152 3766338 4217083 5050531 5598108 5855993 6727050 11315264 33613839 
250, 38980.252885, 8.579961, 1024, 0.05
2773328 3120306 3616536 4418197 5074330 5607654 6085518 6578989 8579961 30332667 
250, 47068.238949, 9.477585, 1024, 0.05
2348268 2610979 2973307 3644079 4434040 4907393 5170262 5739386 9477585 22580970 
250, 39084.301101, 8.269815, 1024, 0.05
2576036 2994093 3469576 3948560 4562923 5096480 5646273 6019214 8269815 43397946 
250, 40190.043443, 9.858061, 1024, 0.05
2581294 2965279 3647602 4232849 5005967 5297795 5659787 6480518 9858061 28300143 
300, 37851.795247, 13.005774, 1024, 0.05
3845106 4178809 4797228 5721114 6311719 6657422 7035389 7880528 13005774 39161425 
300, 30486.506041, 13.36327, 1024, 0.05
3455971 4282664 4877476 5647734 6145200 6841071 7411465 8009058 13363270 84960596 
300, 38516.273197, 14.910491, 1024, 0.05
3368154 3779862 4215545 5104661 5649880 6169320 6694607 7621283 14910491 44181408 
300, 40183.846079, 9.987488, 1024, 0.05
3139627 3675703 4363620 4979818 5617930 6025611 6574845 7485717 9987488 33037755 
300, 41505.811069, 10.019573, 1024, 0.05
3253020 3852253 4580159 5250031 5857591 6263224 6913121 7840038 10019573 29143620 
350, 35434.675499, 18.074449, 1024, 0.05
4657825 4986060 5714331 6641558 7042350 7407940 8632782 11752105 18074449 33587804 
350, 43088.807925, 11.314582, 1024, 0.05
3891631 4633149 5338399 5703085 6195739 6579384 7007089 8060921 11314582 28571737 
350, 39213.555056, 14.558669, 1024, 0.05
3755155 4404582 5107880 5763732 6362023 7041842 7554338 8522770 14558669 54222939 
350, 43821.831075, 14.195483, 1024, 0.05
3636681 4251376 5222020 5946497 6429216 6717339 7231413 7988297 14195483 27694469 
350, 35794.174861, 16.806869, 1024, 0.05
4455019 5163217 5745640 6712955 7127555 7549529 9091971 12107305 16806869 32526293 
400, 42377.522952, 11.503976, 1024, 0.05
4807307 5294388 6215884 7238085 7665183 8062749 8415745 8833089 11503976 44383113 
400, 38173.270659, 20.79301, 1024, 0.05
4340214 5005776 6104997 6753597 7299144 7813401 8493410 12071507 20793010 34090367 
400, 42771.959506, 15.720154, 1024, 0.05
4109490 4851658 5649529 6147684 6536212 7115799 7638487 8497163 15720154 42304928 
400, 39001.511387, 20.379451, 1024, 0.05
3444878 4278425 5469774 5953018 6388895 6748632 8116904 10800204 20379451 48485212 
400, 39755.635309, 14.332336, 1024, 0.05
4557219 5053461 5894747 6924146 7117091 7334350 7594908 8391992 14332336 40489186 
450, 37782.557422, 19.830569, 1024, 0.05
4899068 5831261 7092572 7564861 8080577 8744602 9220632 12046153 19830569 48237276 
450, 43020.122934, 18.450716, 1024, 0.05
4371224 4857170 6210092 7017428 7425655 7668368 8139329 9567029 18450716 51049462 
450, 41086.762452, 16.093355, 1024, 0.05
4572369 5356949 6033598 6400554 7045944 7461085 7732884 8336355 16093355 57413312 
450, 41054.379091, 17.343179, 1024, 0.05
4463326 5176243 5773431 6873153 7577959 8129076 8452228 9873143 17343179 43465833 
450, 41357.693677, 15.203465, 1024, 0.05
5392596 6265945 7131665 7618228 8273005 8742128 9585502 11957683 15203465 33576644 
500, 42913.403678, 19.451124, 1024, 0.05
5747567 6470255 7878936 8517142 8789988 9050283 9476548 10633715 19451124 36206523 
500, 36528.362275, 24.312869, 1024, 0.05
5636369 6828802 8445815 8961169 9677215 10984935 13429510 16860532 24312869 32931569 
500, 39681.383254, 20.745861, 1024, 0.05
6181718 7240222 8262361 8805529 9507016 9834689 10155056 11025707 20745861 43697610 
500, 43432.632246, 20.976927, 1024, 0.05
4855820 5855539 7106282 7842335 8038053 8311056 10184788 13625350 20976927 32041070 
500, 42703.652083, 16.011913, 1024, 0.05
4979407 5992218 6918337 7605587 8310169 8756280 9242146 10124022 16011913 40181669 
550, 41056.386574, 20.443073, 1024, 0.05
6210553 7267545 7972957 8743112 9316105 9670752 10098772 13228005 20443073 45686364 
550, 41857.367262, 18.866616, 1024, 0.05
6413629 7623483 8377071 8967218 9597857 10196667 10561857 13589137 18866616 37984560 
550, 37904.376348, 24.981366, 1024, 0.05
6792889 8137123 9299505 10004152 10456214 10782459 11526118 15117103 24981366 47192651 
550, 39229.568927, 16.776895, 1024, 0.05
5458457 6490970 7616415 8080284 8570317 9556152 10227311 11331452 16776895 66660334 
550, 45383.501296, 22.64644, 1024, 0.05
5792122 6723566 8050074 8437676 8853450 9414640 10404709 13718969 22646440 37063018 
600, 45552.777950, 22.096881, 1024, 0.05
6401706 7964695 8817821 9258842 9763435 10342645 10830891 12019488 22096881 36742304 
600, 39964.226103, 21.427551, 1024, 0.05
7121864 8680076 9614300 10380619 10757427 11200194 12091747 15038172 21427551 46451889 
600, 43742.151756, 20.702338, 1024, 0.05
7358310 8029818 9183040 9687395 10129254 10613978 11674371 13237719 20702338 40095105 
600, 39127.851154, 22.79184, 1024, 0.05
7774574 9162504 10504055 10907370 11373209 12438120 13854882 15818921 22791840 45606980 
600, 49291.031323, 24.024464, 1024, 0.05
6326386 7045426 7664828 8520973 9107324 9474804 10647306 11365616 24024464 34419732 
650, 42265.875085, 24.254675, 1024, 0.05
7773615 9534003 10188597 10497945 11036381 11662818 13435298 15005227 24254675 47905226 
650, 43864.718576, 27.027667, 1024, 0.05
7186740 8474956 9593873 10030650 10463949 11121082 11993073 12961920 27027667 39871335 
650, 40392.602525, 26.186075, 1024, 0.05
7591227 8467684 9273685 10111426 10587590 11155319 12032243 15222806 26186075 37086445 
650, 41701.405327, 24.664049, 1024, 0.05
6413783 7867043 9334248 10150773 10839274 11590936 13388662 14498020 24664049 46728043 
650, 41736.864421, 25.083364, 1024, 0.05
7814507 8852273 10179154 11442571 11845802 12107145 12580554 14620446 25083364 44120512 
700, 42716.981302, 29.125396, 1024, 0.05
7106883 8295906 9270248 9921531 10422880 11315053 11930332 22113259 29125396 43123752 
700, 42246.808823, 23.505454, 1024, 0.05
8127778 9203484 9886992 10659244 10905996 12014499 12600541 16244161 23505454 48085796 
700, 37744.233261, 30.98044, 1024, 0.05
8828083 10147473 11238491 12065625 12564902 13288477 16172309 18531181 30980440 50597609 
700, 43470.989685, 20.787889, 1024, 0.05
8315834 9800223 10419267 10732655 11109262 11974266 13345007 14829678 20787889 48026482 
700, 41260.194610, 18.703329, 1024, 0.05
7954232 9362712 10296302 10767414 11575717 12762695 13427040 17332869 18703329 59653348 
750, 42456.520341, 25.554664, 1024, 0.05
8793497 10139799 11000373 11377800 11879627 12480344 13074205 18539633 25554664 41397792 
750, 44157.384354, 24.230035, 1024, 0.05
8675849 9509098 11184296 11864867 12245003 12522660 13036651 16070427 24230035 49335084 
750, 44431.278173, 28.138942, 1024, 0.05
8891942 10235757 11228466 11632071 11949258 12188261 12599679 14229341 28138942 58927723 
750, 42305.361103, 26.630076, 1024, 0.05
7613920 8462661 10240724 11604185 12667846 13187319 14822471 15767717 26630076 57979810 
750, 41198.367739, 36.881424, 1024, 0.05
8554616 10617326 11409788 11753699 12439089 12937990 14661625 17512840 36881424 54636616 
800, 43847.620259, 31.63964, 1024, 0.05
8500748 9586856 11147037 11832036 12451215 12679859 13557394 18572351 31639640 50078781 
800, 40699.756613, 22.117821, 1024, 0.05
9414467 10944358 11711890 12232989 12829536 15216047 16986614 18845209 22117821 43909725 
800, 45451.443394, 28.185534, 1024, 0.05
8220618 8933997 10425883 11145376 11702255 12132112 12753178 21248693 28185534 45112968 
800, 45859.698800, 29.129923, 1024, 0.05
8422240 9100412 10432199 11394120 12221110 12530920 13295259 14040670 29129923 38097318 
800, 44340.550986, 22.642466, 1024, 0.05
8086102 9283996 10770847 11232531 11594380 12340746 13514587 14014550 22642466 56955688 
850, 41651.126805, 29.047127, 1024, 0.05
9314807 10442376 11673206 12255100 13515150 13838412 15394222 18759240 29047127 44905107 
850, 35809.725154, 45.360738, 1024, 0.05
10927766 12592247 13503630 14652646 15726116 16238591 16833894 19231294 45360738 95316077 
850, 43343.435084, 25.976928, 1024, 0.05
8665469 12118737 12800770 13377729 13911593 15045549 16118211 18865941 25976928 42650143 
850, 38369.236688, 32.493627, 1024, 0.05
10515565 12197058 12742777 13266875 16339538 18290970 20765131 25871381 32493627 48514350 
850, 43066.316572, 22.120066, 1024, 0.05
10113830 11223944 11883383 12343935 12845459 13568452 14550363 16240499 22120066 59391016 
900, 38128.589063, 28.701067, 1024, 0.05
10702251 12486372 13468716 14165863 14939889 17706312 19252347 24853803 28701067 41321409 
900, 42182.081079, 25.540979, 1024, 0.05
11075070 12075844 12886194 13976676 15120461 16526531 17370379 18565768 25540979 54680588 
900, 44451.640671, 25.509967, 1024, 0.05
10418208 12272883 13216726 14329250 14771518 16052330 16911583 20520458 25509967 48776790 
900, 43838.777058, 33.771698, 1024, 0.05
9473833 10751046 12035509 13693793 14601799 16285044 17273279 21824629 33771698 47391966 
900, 46733.076175, 24.522087, 1024, 0.05
9112907 10391357 10795923 11652218 12711370 13833786 14194558 14514100 24522087 64694761 
5, 1173.360221, 8.740729, 1024, 0.5
307348 354204 397065 452593 974641 6220080 7163246 7853789 8740729 50898514 
5, 1220.104491, 8.211048, 1024, 0.5
309709 352629 392135 441700 953083 6006435 6748458 7457123 8211048 48137645 
5, 1141.354006, 8.857491, 1024, 0.5
302960 346988 383820 434823 961605 6603561 7431027 8109709 8857491 43450120 
5, 1132.674089, 8.742336, 1024, 0.5
296240 340841 380474 434435 877385 6640339 7377444 7964474 8742336 38175975 
5, 1096.919694, 9.205128, 1024, 0.5
315798 364352 408626 465500 940921 6924057 7662552 8346907 9205128 43559955 
50, 8437.569406, 10.398973, 1024, 0.5
869226 1164800 1571751 2121431 4261216 7393180 8031396 8998093 10398973 33746134 
50, 7812.058411, 11.25717, 1024, 0.5
907467 1209413 1549560 2100073 4168458 8281981 8904874 9628783 11257170 36653472 
50, 8586.012490, 9.921914, 1024, 0.5
695282 888470 1115024 1453846 4293869 7452558 8306713 9143496 9921914 46930238 
50, 8165.057820, 10.099531, 1024, 0.5
762805 1056215 1381464 1877603 4296634 7777962 8434781 9181258 10099531 44026690 
50, 8709.990583, 9.44599, 1024, 0.5
938659 1283872 1686667 2254831 3871488 7270187 7781884 8676168 9445990 41238437 
100, 13233.790666, 12.291775, 1024, 0.5
1255893 1598230 2084176 2721252 4536281 9247222 9909979 10506726 12291775 41027353 
100, 13305.814231, 11.354572, 1024, 0.5
1347562 1817687 2538772 3517589 5630500 8508111 9228306 9788859 11354572 45151102 
100, 14067.901034, 11.635543, 1024, 0.5
1341578 1747410 2231079 3016943 4589977 8288041 9304662 10289843 11635543 37802143 
100, 12294.500785, 11.779607, 1024, 0.5
1320365 1752579 2458680 3470533 7598978 8917288 9658320 10418759 11779607 54126830 
100, 13523.329148, 11.622763, 1024, 0.5
1339872 1608952 2144942 3369346 5706692 8079775 9384760 10248222 11622763 41933733 
150, 15146.928134, 18.620277, 1024, 0.5
2065814 3058342 3734405 4391617 6795616 9961107 11136056 12327480 18620277 47024095 
150, 16980.915575, 14.060004, 1024, 0.5
1963865 2966759 3770303 4951507 7334382 8590206 9854143 11538639 14060004 51861955 
150, 16982.462693, 13.579176, 1024, 0.5
1883649 2638307 3477879 4240037 6802197 8872599 10073335 11218762 13579176 52013603 
150, 13721.667802, 20.802469, 1024, 0.5
2168878 2940265 3985861 4963923 7048568 9087517 10140069 12495920 20802469 109666987 
150, 17753.993518, 12.779843, 1024, 0.5
1795401 2557578 3712134 4242305 7013058 9041848 9761835 10695108 12779843 45862641 
200, 20363.291755, 14.054368, 1024, 0.5
2538416 2981798 4201060 5226752 6942672 8570355 10118948 11921864 14054368 50781639 
200, 19705.318082, 15.072797, 1024, 0.5
2760167 3269181 4791502 5589101 7602865 9715615 10292243 11386360 15072797 65721315 
200, 19549.732286, 19.801786, 1024, 0.5
2561448 2856206 4789369 5648542 7842284 9560947 10781690 11765834 19801786 52074801 
200, 21940.579583, 13.709682, 1024, 0.5
2359200 2974427 4214581 5223042 6001592 8427062 9390442 10641431 13709682 56781660 
200, 18481.680866, 21.349045, 1024, 0.5
2614704 3381295 4742623 6026636 7960650 9702869 10953674 13455998 21349045 58676225 
250, 22334.221294, 16.162286, 1024, 0.5
3416354 4290609 5686095 6616222 7799406 9105321 10692129 12923760 16162286 52703442 
250, 21613.116755, 17.12691, 1024, 0.5
3264009 4245450 5520458 6308583 7364283 10224220 10962767 12486878 17126910 67721120 
250, 19830.348356, 21.131691, 1024, 0.5
3034001 4267603 5575896 6345428 9211920 10763905 12043758 13512037 21131691 79023610 
250, 20725.922793, 15.593145, 1024, 0.5
3369027 4201814 5492317 7118589 9096516 10075103 10740788 11897164 15593145 65311815 
250, 20063.417735, 28.937423, 1024, 0.5
3271812 4258251 5614508 6697104 7641654 10027157 10832497 12159636 28937423 69633517 
300, 23762.273095, 21.780502, 1024, 0.5
4198858 5199243 6446245 7009969 8820192 9932088 11875799 13205247 21780502 60776267 
300, 22895.981559, 18.38781, 1024, 0.5
4659297 6624457 7222284 7893494 9991950 10927215 12028709 13877765 18387810 59398805 
300, 21435.371509, 23.683525, 1024, 0.5
5300218 6841123 7720798 9037268 10786785 12010830 13219260 15633436 23683525 61958972 
300, 21167.200724, 23.940828, 1024, 0.5
3633604 5823114 6843584 8297231 10360948 11863339 12773540 14664678 23940828 73977279 
300, 21145.907736, 22.501684, 1024, 0.5
3830522 5412807 6723151 7635464 10143980 12458933 13661910 15354895 22501684 69892667 
350, 21724.036857, 21.920548, 1024, 0.5
5184575 6372598 8095177 8979643 9938797 10908969 12124275 14775592 21920548 77177956 
350, 23506.431324, 21.075548, 1024, 0.5
4667726 6120629 6821633 7911023 9089314 10813400 13235494 15525888 21075548 77724931 
350, 24820.351721, 17.596296, 1024, 0.5
4905422 6504122 7474215 8645827 11380102 12331461 13313181 14391663 17596296 60226104 
350, 22702.860909, 32.876291, 1024, 0.5
4384365 5574772 6909063 7752724 10214373 12299488 14136558 17860067 32876291 70513139 
350, 20525.591641, 39.878348, 1024, 0.5
5649352 7191319 8014055 8949682 10721396 13897718 15861224 19647350 39878348 66512204 
400, 21948.012436, 37.009923, 1024, 0.5
5959960 7626335 9080983 10595005 11598713 13540702 15329039 22339676 37009923 73268424 
400, 25915.727099, 20.113873, 1024, 0.5
5595360 6686104 8485338 9008230 10179739 12034778 14266671 15630760 20113873 76672171 
400, 21497.927659, 49.183447, 1024, 0.5
5310583 8209770 9095466 11176736 12247153 14023121 15810004 20433258 49183447 68827862 
400, 26425.920471, 22.469192, 1024, 0.5
4844494 6657728 7237238 7910348 9506192 12046402 13408696 15672073 22469192 65184029 
400, 26517.296714, 15.595475, 1024, 0.5
4266101 6292061 6816547 7221646 9290159 11563443 12545524 13209835 15595475 72112292 
450, 24595.554574, 28.031066, 1024, 0.5
7100350 9835610 10872886 11571139 12532911 13598701 14876452 16379692 28031066 77488883 
450, 27306.574541, 22.644273, 1024, 0.5
4670654 6167482 7469196 8260448 9466051 11700108 13770336 17836956 22644273 73975027 
450, 24032.038110, 37.902144, 1024, 0.5
5698643 7667897 8974323 10099578 11204781 15440329 17630890 23286556 37902144 62457902 
450, 26814.557676, 33.348813, 1024, 0.5
6041937 7589947 8379108 9300267 11276510 13556092 15241369 20464780 33348813 51436876 
450, 26490.062296, 21.126288, 1024, 0.5
6966689 9176643 10176865 11010554 11764912 12920274 14092821 16179692 21126288 64869539 
500, 23590.261874, 51.089071, 1024, 0.5
5991472 7965609 8466605 10470241 12541545 14606002 15773656 19352174 51089071 104537433 
500, 20776.319908, 46.843007, 1024, 0.5
6115360 7549582 9816128 11136376 12041460 13214845 15663286 17029258 46843007 200504136 
500, 24308.555358, 39.988151, 1024, 0.5
6252466 7678457 8990835 9594794 11077026 12786899 14594758 18328841 39988151 91379640 
500, 25810.286255, 33.088133, 1024, 0.5
6730809 8714032 9783928 10932976 11848893 13560095 14630193 15727653 33088133 71100992 
500, 26226.679843, 46.913542, 1024, 0.5
7332005 8710788 9523056 9950409 10538070 11392268 13147488 15898804 46913542 65847640 
550, 22944.408756, 41.120722, 1024, 0.5
8777906 9678057 11722803 12314541 14067773 16017969 20780525 27060836 41120722 118100178 
550, 24677.621912, 52.701716, 1024, 0.5
7551396 9525521 10149249 11796744 13012234 15097521 17331238 18829229 52701716 82754782 
550, 24320.962260, 38.518498, 1024, 0.5
8103192 9673954 10869073 12201232 13778512 14949080 17220011 20987468 38518498 104090218 
550, 24011.554168, 71.625426, 1024, 0.5
7952716 10140731 11747078 12996901 13886791 15103530 16027943 19435583 71625426 84364789 
550, 22800.326320, 48.374534, 1024, 0.5
8368633 10140984 11661975 13020462 14671987 18040211 20878381 36291113 48374534 63134571 
600, 24855.038765, 45.091216, 1024, 0.5
8551434 10903669 12620786 13986099 16499239 17718922 21425643 25039492 45091216 85508110 
600, 22385.143135, 61.593584, 1024, 0.5
9837864 10894822 11865479 12652314 15996195 18655440 21240965 47269458 61593584 71242805 
600, 25789.383234, 50.884928, 1024, 0.5
8310024 9897273 11822202 13524555 14487956 16271821 18211238 20373440 50884928 67226993 
600, 25797.864020, 51.675276, 1024, 0.5
9275163 11130204 12166628 13143045 13991547 15239855 18439786 23993768 51675276 64552105 
600, 25407.665291, 38.429523, 1024, 0.5
8577844 10228640 11183397 13510824 15853640 19123192 24910632 29102663 38429523 78786881 
650, 28419.348356, 53.60661, 1024, 0.5
8130275 9903958 10444262 12131244 17223959 19082199 20314944 24286693 53606610 66630868 
650, 26929.080865, 33.194163, 1024, 0.5
8999587 11098943 13136349 14485476 15355948 15986010 18904007 24460965 33194163 77088952 
650, 24039.731484, 41.30657, 1024, 0.5
9953467 10958456 12829461 13719724 16950200 20840754 25521931 32538026 41306570 102767352 
650, 27821.685730, 36.706307, 1024, 0.5
7908591 9286264 10439649 11540980 12272975 14329663 16908413 26330830 36706307 61534691 
650, 24217.225588, 50.784563, 1024, 0.5
7638641 10213910 11104793 12126080 13832910 15026869 16848909 19615732 50784563 105636305 
700, 28504.079215, 52.67786, 1024, 0.5
8388323 10668130 11377264 12102113 13200203 18404442 22580120 33498181 52677860 86138250 
700, 23712.595527, 58.737483, 1024, 0.5
10996255 13124249 15077413 15948629 18021653 20970997 29604582 40082022 58737483 94318048 
700, 22866.859260, 46.773462, 1024, 0.5
12016864 14170328 16097034 18784054 23240941 27017987 29620551 34202486 46773462 89335412 
700, 22385.824043, 55.727991, 1024, 0.5
10457209 12691051 13905966 14806779 16489129 20685816 33083728 44254360 55727991 80052641 
700, 21345.923125, 52.537943, 1024, 0.5
10201759 13065451 14337505 15956916 21474397 24700221 30631144 42897694 52537943 104418597 
750, 25126.759350, 60.661875, 1024, 0.5
10025048 12421060 13872357 14577936 16426278 19484630 23849754 29877380 60661875 73797280 
750, 27883.284019, 47.276592, 1024, 0.5
9115340 11983340 12793189 13656483 15563531 17610776 23156157 27518596 47276592 91878576 
750, 27444.562670, 41.704891, 1024, 0.5
10714823 12327836 13544638 15002194 16361394 18250364 19743165 22830484 41704891 87797012 
750, 22941.412775, 56.706337, 1024, 0.5
7772960 10109767 10709063 11958281 13908759 16248604 26533498 34831661 56706337 100215153 
750, 22884.559920, 53.349151, 1024, 0.5
10138200 11435891 12133771 13608441 15359909 19374712 27437621 37491511 53349151 95461403 
800, 24050.959134, 57.685165, 1024, 0.5
12170960 14155740 15584015 19763641 22420197 27156436 31279626 47052671 57685165 72976302 
800, 24856.035953, 51.673341, 1024, 0.5
10209744 13177213 13807829 14799545 18418142 21500128 24347394 28679578 51673341 85943348 
800, 26483.292325, 42.043378, 1024, 0.5
9211143 13217313 14231813 16226105 17552250 18962096 24864836 29142390 42043378 90935577 
800, 24131.045632, 53.045019, 1024, 0.5
12313332 13135310 14256962 16338214 17810125 18380906 20116145 44360094 53045019 82465450 
800, 24235.278155, 50.710802, 1024, 0.5
11580333 13584947 15944848 17973792 19554366 22990257 25634426 29743642 50710802 103397996 
850, 29321.288953, 55.292532, 1024, 0.5
9026355 12150813 13050077 13866451 14887459 16884518 20114755 22251690 55292532 98901759 
850, 26608.276755, 64.291748, 1024, 0.5
11584520 14857915 16065898 18328352 20316017 22541074 26771999 33126300 64291748 89736494 
850, 25898.701250, 72.857528, 1024, 0.5
11687938 14435464 15262282 16389300 17622751 21396910 24867887 30810876 72857528 92775126 
850, 20385.233372, 63.97644, 1024, 0.5
12004378 14149680 14977636 16497639 21382738 26881664 31375405 54074466 63976440 160642085 
850, 26624.806578, 45.647332, 1024, 0.5
10049045 12426680 14168667 19399034 22279217 24005810 29189822 36937641 45647332 111880885 
900, 24331.349219, 38.535322, 1024, 0.5
10532185 13161962 14781169 15651033 16844764 18135688 21545436 32449779 38535322 114449932 
900, 29673.346250, 41.626563, 1024, 0.5
12018395 14350956 16334603 17138111 18330295 19429891 21947308 27621158 41626563 83971446 
900, 27111.839456, 57.345652, 1024, 0.5
14562816 15905898 16854587 18766288 20317916 22573028 24358156 31490658 57345652 70717658 
900, 23064.518340, 58.253009, 1024, 0.5
12917523 15417220 18368312 20034516 22006418 26193965 31389741 42359425 58253009 70548304 
900, 25128.106858, 39.732659, 1024, 0.5
12206411 14021525 16862351 19758789 23198221 26656448 29723377 32741659 39732659 100018191 
5, 576.629917, 11.00825, 1024, 0.95
3780111 6773659 7376854 7781074 8098586 8458013 8857527 9341397 11008250 119199533 
5, 658.002591, 9.566551, 1024, 0.95
3654482 5888833 6476970 6839351 7125686 7465654 7882698 8412386 9566551 66725171 
5, 583.891378, 10.331444, 1024, 0.95
3831476 6872754 7507538 7875050 8192826 8511482 8894653 9329904 10331444 65463226 
5, 583.213205, 10.488695, 1024, 0.95
3888578 6716096 7428139 7889058 8247276 8585706 8963289 9436581 10488695 42339764 
5, 587.898802, 10.192792, 1024, 0.95
3659311 6636793 7172131 7579044 7882056 8201145 8571286 9009821 10192792 206561808 
50, 5109.263020, 11.544491, 1024, 0.95
6330844 7253917 7744293 8143543 8534090 8858495 9175651 9751990 11544491 39439565 
50, 5042.277167, 14.120935, 1024, 0.95
6435503 7501871 7850313 8190581 8480434 8846764 9263974 9775939 14120935 37273835 
50, 4884.833058, 15.085325, 1024, 0.95
5085988 7594194 8186980 8603503 8939960 9227764 9520436 9921647 15085325 66453815 
50, 5004.027239, 12.430106, 1024, 0.95
4486875 7482076 7948891 8361949 8787406 9229927 9597549 10068328 12430106 41746491 
50, 5026.785968, 15.950933, 1024, 0.95
4599133 7379282 7902091 8346203 8723836 9037160 9407240 9920326 15950933 36107688 
100, 8353.569124, 23.490299, 1024, 0.95
6581195 8087005 8636902 8952962 9242779 9559383 10044649 10708594 23490299 70713750 
100, 8033.344027, 20.228369, 1024, 0.95
5666314 8478279 9258435 9750908 10044949 10388014 10826995 11527728 20228369 74378150 
100, 8086.619580, 26.342625, 1024, 0.95
5680197 8327323 8958993 9356917 9846432 10262467 10795105 11853682 26342625 71776916 
100, 8552.598650, 26.854531, 1024, 0.95
4934114 7472302 8479326 9060843 9406408 9828741 10362867 11342140 26854531 46024515 
100, 8153.142165, 23.354804, 1024, 0.95
5940595 7886236 8766257 9487033 10041371 10573685 11140912 12632333 23354804 49893880 
150, 11608.458139, 26.446197, 1024, 0.95
6435346 8127042 9145263 9681073 10350673 10752965 11316036 11947220 26446197 48027242 
150, 10495.996446, 30.791346, 1024, 0.95
7433946 9177203 9736339 10065602 10417539 11037579 12071457 13736167 30791346 70945811 
150, 11617.032597, 18.144265, 1024, 0.95
7096803 9123918 9711197 10105685 10385665 10619625 10932919 12368734 18144265 53513581 
150, 10901.943100, 28.883846, 1024, 0.95
7229944 8961695 9786470 10275198 10859504 11275345 12025488 13319629 28883846 49204142 
150, 10556.664633, 35.63045, 1024, 0.95
7900761 9004522 9606173 10040415 10454958 11037332 11880136 13638832 35630450 57690266 
200, 12303.786503, 42.671843, 1024, 0.95
6906679 9227338 10054397 10622520 11300322 12067393 13775111 18082051 42671843 66817649 
200, 14381.205862, 23.956602, 1024, 0.95
7073429 8551120 9540908 10203566 10848979 11357825 12184624 13812364 23956602 56859185 
200, 13779.102227, 35.366712, 1024, 0.95
6909759 8439289 9333761 10159703 10892229 11601262 12331904 14300440 35366712 66129150 
200, 13964.935586, 35.271985, 1024, 0.95
6094911 8761441 9488614 10103189 10737973 11673083 12516461 13631815 35271985 56229220 
200, 13742.833887, 31.117759, 1024, 0.95
6823768 8581431 9479387 10054007 10525622 11227726 12310322 14534076 31117759 59480622 
250, 14737.420063, 39.84219, 1024, 0.95
7155405 9659113 10549362 11511608 12452871 13339722 14680785 17368652 39842190 66767341 
250, 13738.273412, 47.53428, 1024, 0.95
8498003 9917065 10758920 11184345 11688431 12478144 13684930 15564906 47534280 90658341 
250, 13913.684873, 49.503258, 1024, 0.95
7991800 8793857 9934934 10405849 11137756 12366392 13521745 16163399 49503258 76636961 
250, 16135.857752, 35.251216, 1024, 0.95
7270247 9015661 9769593 10337512 10923818 11778606 13479872 14974510 35251216 53561482 
250, 17653.379949, 31.195131, 1024, 0.95
6481034 7893196 8570374 9056133 9666472 10543134 10993155 11947760 31195131 67818853 
300, 17622.106998, 30.731329, 1024, 0.95
7930988 9289165 10206713 10980275 11788270 12856564 14401088 15386717 30731329 64855222 
300, 17379.893556, 28.428118, 1024, 0.95
6852037 8503080 10328248 11341200 11847038 13734978 14656868 17345157 28428118 68252657 
300, 16469.019737, 52.306654, 1024, 0.95
9474781 10391074 11505150 12190835 12963856 13499845 14383195 15618280 52306654 67506074 
300, 16472.852032, 47.14806, 1024, 0.95
9000637 10196580 11608085 12236077 13267296 14273209 15442661 17441537 47148060 67437652 
300, 16507.066335, 44.866485, 1024, 0.95
8770087 9783586 10960123 11510167 11972430 12902288 14134112 17051457 44866485 68799647 
350, 18752.304154, 45.624127, 1024, 0.95
9737006 10972625 11527563 12081123 12763723 13384869 15028754 16773759 45624127 73817984 
350, 17279.915906, 51.554086, 1024, 0.95
9383476 11205783 12026589 12622652 13262071 14246021 15549543 17619856 51554086 75455470 
350, 17170.371653, 58.160359, 1024, 0.95
10152607 10891685 11344821 11821116 12324610 12801727 14054371 16757104 58160359 86086749 
350, 15359.008892, 59.450842, 1024, 0.95
9137284 11263167 12362186 13305925 14282096 15508169 16883179 30329425 59450842 75173709 
350, 17846.633930, 54.969464, 1024, 0.95
8044797 9509046 11463953 12274660 13266317 14023708 15542443 17153844 54969464 68280525 
400, 19691.272860, 44.264051, 1024, 0.95
9480008 10617419 11818493 12412468 13001976 13987463 15143789 19009771 44264051 63867390 
400, 19658.591328, 41.666634, 1024, 0.95
7512217 9629084 10645767 11509817 12339872 13796394 14671167 16011301 41666634 73041418 
400, 16480.579364, 59.291367, 1024, 0.95
11043458 12941204 14085000 15099123 16077869 17199100 18001186 29979120 59291367 86726577 
400, 18412.530063, 60.609614, 1024, 0.95
9456607 11238370 12328928 12984317 13652539 14327398 15124007 17035197 60609614 76381337 
400, 17838.184626, 52.679049, 1024, 0.95
9235282 11041113 11934332 12969234 14114190 15435863 16674180 25180403 52679049 78459769 
450, 19808.003243, 32.453226, 1024, 0.95
10143534 11392738 12470167 13068489 13775680 14402331 15191536 17389653 32453226 117248069 
450, 18438.070043, 53.574103, 1024, 0.95
11004931 12856469 13729303 14429861 14911730 15536550 17683099 22252802 53574103 90823231 
450, 18194.999963, 56.129136, 1024, 0.95
9606110 11548167 12759561 13478131 14433954 15795130 18475869 24154583 56129136 91892297 
450, 18860.880488, 57.97787, 1024, 0.95
9760737 11172954 12186952 13345261 14556103 16489290 18694240 23183974 57977870 73549394 
450, 19805.258106, 59.436664, 1024, 0.95
9605493 11406479 12463617 12996902 13618487 14354603 16721021 22344165 59436664 73251123 
500, 20573.294689, 55.0333, 1024, 0.95
11561358 12589686 13627111 14532051 15822342 18809760 22082992 27235581 55033300 76838938 
500, 19003.811750, 59.308982, 1024, 0.95
10917028 12310906 13298049 14024809 15985787 18314883 20424844 29655303 59308982 87817531 
500, 18234.868188, 55.750398, 1024, 0.95
10416467 12262739 12877215 13719977 15079211 17062104 19157530 24072256 55750398 85403249 
500, 15152.725969, 107.826314, 1024, 0.95
10318900 11910819 13208246 14266977 16641071 17725674 21771606 30611132 107826314 125776469 
500, 17159.776555, 69.687607, 1024, 0.95
11492065 12865974 14456752 16030270 17508035 20726356 24987045 49981280 69687607 79436109 
550, 20170.914451, 52.091162, 1024, 0.95
9856483 11356117 12590496 13492400 14372444 15507536 19552691 37590774 52091162 81488577 
550, 18838.654555, 66.869051, 1024, 0.95
9858484 11028947 13115634 14738915 16093088 17338458 21376953 32602370 66869051 90580408 
550, 19995.944103, 70.310687, 1024, 0.95
10203121 11390813 12179518 12842494 13616287 15044283 18803995 40732053 70310687 86068588 
550, 20682.537384, 57.894193, 1024, 0.95
10761843 12892535 14229053 15667694 17408486 19366921 22289839 28732610 57894193 67176368 
550, 19127.211016, 63.059039, 1024, 0.95
11417986 13661555 14492734 15402801 17421410 18831180 24699587 30916552 63059039 95505987 
600, 22186.129629, 63.467362, 1024, 0.95
12465098 13485305 14216350 14656407 15389580 16577040 18735938 39140145 63467362 79187729 
600, 18135.975086, 65.565247, 1024, 0.95
13729717 16326687 18689174 20916561 23006094 25159191 29162888 38057720 65565247 80503909 
600, 19290.649670, 71.059846, 1024, 0.95
12738172 13945476 15420174 16730749 18610427 20253612 23968927 26935327 71059846 91254046 
600, 18721.249508, 71.110779, 1024, 0.95
12758701 14478420 15849506 16707383 17683688 18761721 22395815 32269975 71110779 91978602 
600, 21909.256142, 61.78356, 1024, 0.95
12362832 13167197 13742134 14484160 15838047 17628726 23063572 30097879 61783560 95455302 
650, 18657.060460, 62.812528, 1024, 0.95
11757925 14230756 16235389 18532677 20269364 23704372 27534846 36821546 62812528 112588916 
650, 21468.877360, 52.175646, 1024, 0.95
14424531 15274208 16594280 18025063 19612882 26857960 34430173 41811151 52175646 75991922 
650, 21081.630493, 65.709201, 1024, 0.95
13516759 14811903 16243969 18657498 22064273 24026242 26819258 30193922 65709201 89538939 
650, 19183.373902, 89.198468, 1024, 0.95
12792892 14362091 15651195 16745072 18699040 21336690 23066688 33802996 89198468 102463296 
650, 22183.160191, 43.009983, 1024, 0.95
11727979 13388707 14577178 15228762 15821770 16866356 17796829 19347423 43009983 95218275 
700, 21710.157899, 63.858333, 1024, 0.95
11220126 13665351 17243972 19097072 21722655 24594160 31752197 38435384 63858333 75731519 
700, 19367.186103, 70.973173, 1024, 0.95
14844378 17722774 20614468 22539327 24108230 27371804 32596071 67255788 70973173 87912814 
700, 22446.336824, 59.72651, 1024, 0.95
14290256 16091595 18572982 20350239 21994361 24345233 29196717 40762687 59726510 72467209 
700, 22698.216431, 65.001835, 1024, 0.95
10190690 12177032 13191167 14036274 15085023 16939201 19509084 23373659 65001835 79010174 
700, 19322.170006, 64.79996, 1024, 0.95
11502393 13577167 16590616 20000195 22165266 24323125 28471999 47847325 64799960 75573829 
750, 16263.057823, 90.298643, 1024, 0.95
14879033 19564853 23171498 27777912 36447273 41262653 53016198 66100177 90298643 108630139 
750, 17683.905133, 87.820873, 1024, 0.95
14067336 15710703 17252873 20792737 22640362 25032786 30532077 36165262 87820873 160923441 
750, 23574.553874, 19.902179, 1024, 0.95
4966320 6565874 7792455 8826638 9697229 10805897 12483251 15861651 19902179 32249724 
750, 23285.685698, 22.475013, 1024, 0.95
4621211 6620684 7963194 9358243 10808247 13041202 15839992 18765825 22475013 43609106 
750, 22478.304458, 13.285044, 1024, 0.95
4153960 5787422 6713400 7361235 8008966 8687832 9305954 10207073 13285044 36335189 
800, 20780.722087, 14.723336, 1024, 0.95
4433556 5722662 6551293 7562734 8562068 9588121 10763671 11998289 14723336 26870423 
800, 27106.273757, 18.287238, 1024, 0.95
6597924 7610811 8778722 10200700 11599202 12491069 13722705 15783785 18287238 27541519 
800, 24207.227286, 14.156233, 1024, 0.95
5160520 6856921 7916119 8682810 9402859 10104035 11149050 12658125 14156233 20059122 
800, 25190.041228, 22.94344, 1024, 0.95
4497888 6168137 7216709 8253666 9204008 10323842 13195209 16629048 22943440 46747131 
800, 23574.793797, 13.737175, 1024, 0.95
4064545 5704861 6739030 7493854 8144584 8807413 9650911 11008106 13737175 28438793 
850, 23201.157799, 20.074415, 1024, 0.95
5359306 7936408 9472913 10667876 11940228 13207906 15024185 17654950 20074415 34468597 
850, 21562.873166, 23.058491, 1024, 0.95
5150770 7104208 8406679 9569098 10607008 11904879 13983868 16640866 23058491 39042996 
850, 24356.861576, 14.485721, 1024, 0.95
4597580 6148433 7016940 7732658 8327370 9012346 9990556 11740287 14485721 24414504 
850, 27214.113021, 24.699365, 1024, 0.95
4821865 6671438 7878389 8909063 10318406 11601576 14296181 18453498 24699365 53397638 
850, 26574.437707, 22.202205, 1024, 0.95
4520160 6247706 7568699 8765452 10027580 11469067 16528738 19587840 22202205 42996213 
900, 22337.942643, 13.998499, 1024, 0.95
3800467 5184998 6183374 7024646 7615602 8377401 9255077 10528390 13998499 25442800 
900, 23789.956004, 15.1283, 1024, 0.95
4423969 6015434 7316041 8184904 8920779 9565318 10354509 11597593 15128300 34290842 
900, 19954.812885, 18.970835, 1024, 0.95
3913457 5400786 6534766 7459292 8431030 9543894 11762583 15282092 18970835 38705187 
900, 25469.656843, 41.101195, 1024, 0.95
5365961 7198005 8742068 11311056 14030166 19913903 25080428 32068758 41101195 56269288 
900, 23562.074011, 16.626592, 1024, 0.95
5499468 7169640 8274012 9164804 10238094 11065395 12159989 13714177 16626592 25024375 
